OBJECTID,FID_,Country,ISO,COUNTRYAFF,AFF_ISO,Country_1,ISO_2,ISO_3,SPI,BNeeds,FWellB,Opport,Nut_BMC,H2O_Sani,Shelter,Per_Safe,Know_Acc,Info_Acc,Health,Enviro_Q,Rght_Per,Free_Cho,Tol_Incl,Ed_Acc,Under_N,Food_Def,Mortal_M,Mortal_C,D_Infect,H2O_pipe,H2O_Rur,Sani_Acc,Hous_Aff,Elec_Acc,Elec_Qal,HH_Air_D,Homicide,Crim_Vio,Crim_Per,Pol_Terr,Traff_D,Literacy,Enroll_P,Enroll_S,Enroll_G,Phone,Inet,Free_Prs,Li_Ex_60,D_Non_C,Suicide,D_O_Air,H2O_Trt,Biodev,Gr_Gas,Rght_Pol,Free_Exp,Free_Asb,Pri_Prop,Free_Cho1,Free_Rel,Marr_E,Contrac,Corrupt,Tol_Imm,Tol_Gay,Disc_Min,Tol_Rel,Safe_Net,SchYrsT,SchYrsW,Ed_Ineq,Uni_Rank,Uni_RPct,FoodDefC,AdLitC,Ed_Sec_C,Ed_Sec_G,PhoneC,GGasC,UniRankB,UniRPctB,Shape__Area,Shape__Length
145,0,Angola,AO,Angola,AO,Angola,AO,AGO,40.73,44.37,48.76,29.05,69.33,27.63,28.49,52.04,60.59,47.64,46.1,40.7,28.28,27.26,46.7,13.96,14.2,90.0,476.978075626,156.9,423.439359292,14.84,28.1695604,51.5937037,0.192643474045,37.0,1.71,173.250411171,9.8,3.0,5.0,3.5,26.9,71.16,87.86,28.89872,0.64825,60.84389581,12.4,39.89,15.75343,741.1,16.988080461,109.307200182,0.0,53.54,995.89,10.0,5, ,15.00,0.335712617567,3.0,0.36,31.6,18.0,0.560513772686,0.126269559504,7.7,4.0,0.747554214184, ,5.31,0.35,0,0.0,90.0,71.16,28.89872,0.35175,60.84389581,995.89,0,0,1039038210422.48,5883734.32040747
238,0,Benin,BJ,Benin,BJ,Benin,BJ,BEN,51.69,52.79,57.15,45.13,78.9,38.7,30.52,63.02,63.85,59.05,52.81,52.88,71.33,48.78,52.88,7.53,7.5,48.0,404.943248546,99.5,414.444878697,17.72,72.1466618,19.7189055,0.363460974184,38.4,1.69,188.361888286,6.3,3.0,4.0,2.0,27.7,38.45,96.20,56.81196,0.70148,85.64432269,6.787702956,28.97,15.6568,563.2,14.143451699,96.107838908,0.0084,77.29,650.83,33.0,15, ,30.00,0.740450042148,4.0,0.22,25.3,36.0,0.780318534046,0.0991573566392,3.6,4.0,0.489990030085,0.15,2.73,0.45,0,0.0,48.0,38.45,56.81196,0.29852,85.64432269,650.83,0,0,96100415175.5117,1748005.52398437
115,0,Botswana,BW,Botswana,BW,Botswana,BW,BWA,64.44,70.62,66.78,55.92,75.6,77.62,53.89,75.37,87.89,71.95,43.32,63.99,69.06,76.44,57.49,20.68,24.1,177.0,128.948764391,43.6,638.954814894,74.39,92.2718988,63.432748,0.522028551937,53.24,3.30,93.162251869,14.8,3.0,2.0,1.0,23.6,88.22,92.02,81.37176,1.05706,169.0030004,27.5,22.91,17.22087,733.9,27.106629568,66.736375447,0.95,93.75,456.98,28.0,12,0.63,70.00,0.836790769137,4.0,0.05,74.9,60.0,0.656885078208,0.197565942031,5.1,4.0,0.764612562128,0.15,8.71,0.32,0,0.0,177.0,88.22,81.37176,0.05706,100.0,456.98,0,0,499813941661.506,3393110.87005716
202,0,Burkina Faso,BF,Burkina Faso,BF,Burkina Faso,BF,BFA,49.75,49.69,56.36,43.19,71.48,37.8,28.49,60.98,54.85,60.92,55.59,54.07,63.04,47.43,55.64,6.65,20.7,167.0,370.62052118,88.6,500.98518841,7.99,75.8308342,19.7318113,0.407077614439,13.1,1.69,158.665818162,0.7,4.0,3.0,3.0,30.0,37.75,69.76,33.66666,0.91912,80.64303328,11.38764617,22.66,15.38898,484.2,12.510811212,86.23249596,0.0,88.05,814.89,23.0,14,0.70,30.00,0.624703490622,4.0,0.32,42.2,42.0,0.779514711791,0.093165388232,4.7,3.0,0.755976666595, ,1.86,0.39,0,0.0,167.0,37.75,33.66666,0.08088,80.64303328,814.89,0,0,226637845435.063,2682083.23866934
116,0,Burundi,BI,Burundi,BI,Burundi,BI,BDI,,,56.12,29.85,,45.69,25.18,60.29,79.55,35.07,55.55,54.29,28.49,45.25,34.41,11.24,,,711.597366955,81.7,474.04942161,6.99,73.7657629,48.0129097,0.303110644757,6.5,2.12,174.185936339,4.0,3.5,4.0,3.0,21.3,85.50,94.68,42.48007,0.91072,46.2209572,4.866224464,54.1,16.51761,543.1,13.052934082,95.236499328,0.0,64.71,404.14,5.0,6, ,20.00,0.427258309223,3.0,0.1,52.8,20.0,0.576450497379,0.0346666622497,8.1,3.0,0.563049301483,0.04,4.23,0.37,0,0.0,,85.50,42.48007,0.08928,46.2209572,404.14,0,0,22291164169.6852,783465.32044404
233,0,Cameroon,CM,Cameroon,CM,Cameroon,CM,CMR,47.83,51.72,55.84,35.91,74.93,37.77,39.5,54.68,78.44,53.49,54.45,36.99,38.25,46.47,41.72,17.22,9.9,63.0,596.443881871,87.9,534.109922591,16.75,52.7122866,45.8016112,0.362403608123,53.7,2.13,154.553318862,2.7,4.0,4.0,3.5,27.6,74.99,95.55,58.07813,0.85561,71.84542948,20.68014766,40.53,16.47883,543.4,14.888496662,123.081950005,0.0,77.33,1404.66,9.0,7,0.53,25.00,0.694026746834,4.0,0.26,38.7,26.0,0.62587126891,0.0503707780741,8.5,4.0,0.656102772183,0.12,7.17,0.35,0,0.0,63.0,74.99,58.07813,0.14439,71.84542948,1404.66,0,0,382113825534.399,4234513.85216122
234,0,Central African Republic,CF,Central African Republic,CF,Central African Republic,CF,CAF,28.38,27.82,35.41,21.9,41.62,26.67,6.96,36.05,37.03,35.61,37.16,31.83,20.55,35.9,18.75,12.39,47.7,380.0,882.065658672,130.1,897.234946024,1.61,54.3507125,21.792091,0.210248680468,10.8, ,296.496739611,13.2,5.0,5.0,5.0,32.4,36.75,70.84,17.37801,0.51273,25.86868182,4.563264352,33.6,16.05839,966.5,21.974786068,163.491687272,0.0,90.87,11031.69,4.0,4, ,10.00,0.598755030281,4.0,0.42,37.8,20.0,0.577193865177,0.0520733197538,9.3,2.0,0.286769582692,0.06,4.27,0.35,0,0.0,380.0,36.75,17.37801,0.48727,25.86868182,1500.00,0,0,509005806764.236,4207019.42772363
239,0,Chad,TD,Chad,TD,Chad,TD,TCD,35.69,36.72,44.62,25.72,52.61,20.34,22.68,51.26,40.63,37.5,56.3,44.07,27.81,27.83,42.08,5.15,34.4,261.0,856.248311762,138.7,595.061690546,6.42,44.750936,12.0801433,0.359901492625,6.4,1.85,197.903532535,9.2,4.0,5.0,3.0,24.1,40.02,79.12,22.40279,0.45736,40.17306812,2.700000001,40.59,15.81749,517.6,10.824072524,109.97983627,0.0,80.62,1122.71,4.0,6, ,20.00,0.5121755653,4.0,0.45,19.4,20.0,0.686657123495,0.0689395763462,8.5,4.0,0.611908094283, ,1.63,0.42,0,0.0,261.0,40.02,22.40279,0.54264,40.17306812,1122.71,0,0,1069626753939.69,5195628.30578604
219,0,Ethiopia,ET,Ethiopia,ET,Ethiopia,ET,ETH,45.29,52.19,54.26,29.42,70.56,28.86,42.95,66.38,65.75,39.06,60.04,52.18,20.12,53.14,36.49,7.94,32.0,236.0,352.699291141,59.2,351.57128732,12.11,48.6419885,28.0213816,0.507427878915,26.56256,3.36,138.613721356,8.0,2.0,3.0,3.5,25.3,49.03,86.91,37.70339,0.90301,42.76402881,11.6,45.13,17.76025,474.1,12.68726046,70.838694228,0.0,83.52,1037.29,4.0,2,0.26,30.00,0.686926614751,3.0,0.23,58.5,34.0,0.509303815988,0.015823826367,8.6,3.0,0.718718730984, ,3.75,0.44,0,0.0,236.0,49.03,37.70339,0.09699,42.76402881,1037.29,0,0,931257368245.975,4664615.18242973
154,0,Gabon,GA,Gabon,GA,Gabon,GA,GAB,,69.4,,44.74,87.69,55.99,61.51,72.41,,67.34,58.89,64.07,42.7,49.98,56.62,29.67,5.0,18.0,290.693240066,50.8,312.668096741,64.54,66.6762996,41.858578,0.298200680208,89.3,2.88,40.541845374,9.4,2.0,3.0,2.0,22.9,83.24, ,,,161.1213232,23.5,32.2,18.22817,518.1,13.898132602,82.507787738,0.0,89.37,221.16,8.0,9, ,40.00,0.686732712544,4.0,0.22,37.8,35.0,0.616320373352,0.0565319437137,4.0,4.0,0.770314982748,0.45,10.16,0.23,0,0.0,18.0,83.24,,,100.0,221.16,0,0,213572004913.361,3255841.47602796
189,0,Ghana,GH,Ghana,GH,Ghana,GH,GHA,61.44,60.46,69.92,53.95,86.15,43.02,43.12,69.54,86.71,72.76,57.55,62.66,80.1,60.17,52.02,23.51,5.0,19.0,319.476073113,61.6,326.196523384,18.88,84.0458594,14.8710577,0.409476912263,64.06256,2.21,155.14009865,1.7,3.0,3.0,2.0,26.2,76.58,99.69,71.03628,0.94869,129.7359971,23.47812844,17.95,15.90029,501.8,9.68090244,74.833608232,1.1854838709,80.79,293.80,37.0,14,0.87,50.00,0.744763466172,4.0,0.09,44.0,43.0,0.651971862096,0.0744427054072,4.6,4.0,0.643763728088,0.12,7.12,0.37,1,0.0905411295847,19.0,76.58,71.03628,0.05131,100.0,293.80,1,2,197099965121.475,2318824.99577003
203,0,Guinea,GN,Guinea,GN,Guinea,GN,GIN,43.4,44.99,53.22,31.98,69.61,35.61,23.53,51.23,48.28,57.47,56.68,50.45,46.09,37.31,41.07,3.45,16.4,115.0,678.98887188,93.7,545.463024173,14.05,67.4014594,20.0991418,0.35725992187,26.2,1.29,210.631685331,8.7,5.0,4.0,3.0,27.3,30.47,78.02,38.82327,0.65594,87.17366364,4.7,33.08,16.74662,564.9,10.599174129,81.549782772,0.605,86.95,1090.57,17.0,10, ,20.00,0.716955653617,3.0,0.38,20.4,27.0,0.758293684266,0.0350621733992,8.8,3.0,0.674593117364, ,2.07,0.48,0,0.0,115.0,30.47,38.82327,0.34406,87.17366364,1090.57,0,0,203017036299.783,3177546.79138325
119,0,Kenya,KE,Kenya,KE,Kenya,KE,KEN,56.17,52.65,68.78,47.08,74.35,35.97,48.83,51.43,79.49,66.82,62.67,66.13,52.59,60.82,37.2,37.7,21.2,135.0,509.517844163,49.4,488.741026493,21.69,56.839584,30.1098533,0.560671569348,23.0,3.90,106.206128839,5.9,4.0,4.0,4.0,29.1,78.02,86.21,67.64039,0.92981,80.67820274,45.62280061,31.16,16.91434,359.3,11.368823471,36.951570655,3.2,84.09,524.20,22.0,10,0.59,30.00,0.745969683984,3.0,0.13,76.8,26.0,0.648569796397,0.140963111254,9.1,2.0,0.705921568925,0.28,9.14,0.26,1,0.444414018085,135.0,78.02,67.64039,0.07019,80.67820274,524.20,1,4,476802631845.064,3385129.8740814
135,0,Lesotho,LS,Lesotho,LS,Lesotho,LS,LSO,51.74,51.63,51.21,52.38,67.66,45.6,34.22,59.02,65.33,66.66,29.03,43.83,60.18,63.8,60.98,24.54,11.2,76.0,487.171775024,90.2,1170.23026742,22.27,76.9647362,30.2696173,0.431895351352,20.56256,3.35,195.533107035,38.0,3.0,3.0,2.0,28.2,79.36,83.58,53.77216,1.35846,100.9445238,16.0717077,28.78,15.77154,1037.7,31.86367976,110.979168676,0.3,26.17,423.07,27.0,12, ,30.00,0.716732728343,4.0,0.15,76.1,39.0,0.655400236803,0.199567736599,4.1,4.0,0.79449368374,0.06,10.24,0.24,0,0.0,76.0,79.36,53.77216,0.35846,100.0,423.07,0,0,27537378987.0547,698416.211847408
194,0,Liberia,LR,Liberia,LR,Liberia,LR,LBR,49.34,46.11,59.48,42.44,62.53,29.17,30.97,61.75,62.06,56.55,59.29,60.01,61.87,53.1,45.37,9.42,31.9,256.0,724.506181294,69.9,500.319717685,2.42,62.6101175,16.8894483,0.324969966085,9.8,2.82,159.057462588,3.2,3.0,4.0,2.0,33.7,47.60,89.89,37.2998,0.77618,81.09358204,5.903867603,30.71,15.64527,430.7,9.541585314,28.612223105,0.0,49.67,523.13,28.0,11,0.76,25.00,0.74252122358,4.0,0.2,38.7,37.0,0.56287825129,0.0347065535245,6.0,4.0,0.637789171068,0.16,4.37,0.46,0,0.0,256.0,47.60,37.2998,0.22382,81.09358204,523.13,0,0,78961216977.2082,1524943.31306521
163,0,Madagascar,MG,Madagascar,MG,Madagascar,MG,MDG,47.4,45.52,54.75,41.95,71.78,16.03,28.89,65.36,71.41,44.44,53.12,50.0,57.64,40.95,53.08,16.12,33.0,229.0,352.861513487,49.6,316.352635855,7.03,35.2523217,11.9951814,0.569510396757,15.4,1.94,201.623165049,0.6,3.0,3.0,3.0,28.4,64.66, ,38.43493,0.98072,44.12458392,4.17397219,27.04,17.00166,674.6,11.932257621,75.631629443,0.0,64.68,884.35,24.0,10,0.61,45.00,0.561897705707,3.0,0.4,58.2,26.0,0.555022631677,0.0362115911061,4.3,4.0,0.745163455945, ,6.46,0.35,0,0.0,229.0,64.66,38.43493,0.01928,44.12458392,884.35,0,0,506147401599.826,4678360.5271663
137,0,Malawi,MW,Malawi,MW,Malawi,MW,MWI,53.09,54.88,58.8,45.59,70.37,50.87,33.69,64.57,75.96,43.22,57.09,58.92,67.99,58.96,41.1,14.31,20.7,139.0,634.122448232,64.0,581.624550978,7.93,89.1141802,41.0033749,0.462384847924,9.8,2.27,135.542254429,1.8,3.0,3.0,2.5,35.0,65.96,98.10,43.39519,0.89625,37.93879778,9.298148347,28.12,15.40001,446.7,11.851029558,56.016363669,0.0,93.35,880.18,26.0,13,0.79,40.00,0.809177584562,4.0,0.26,70.9,31.0,0.467468892389,0.0246892837122,5.1,4.0,0.524299635713,0.01,4.98,0.30,0,0.0,139.0,65.96,43.39519,0.10375,37.93879778,880.18,0,0,98878264513.5308,2352484.63010814
208,0,Mali,ML,Mali,ML,Mali,ML,MLI,47.75,54.02,53.75,35.49,76.4,36.02,41.76,61.89,47.05,60.93,59.35,47.68,52.08,35.51,48.43,5.94,5.0,23.0,587.076476542,114.7,448.498839978,15.88,64.0584283,24.6707478,0.537890283651,25.6,2.83,131.538324058,10.2,3.0,3.0,3.5,25.6,33.07,60.80,41.30748,0.80848,139.6118556,10.33692498,39.83,15.9355,484.5,7.48238599,72.11600896,0.0,73.03,1179.84,17.0,12, ,25.00,0.679459428726,4.0,0.53,29.9,32.0,0.864219384353,0.0645211216394,7.9,2.0,0.833314853894,0.06,1.56,0.42,0,0.0,23.0,33.07,41.30748,0.19152,100.0,1179.84,0,0,1060346922802.63,6415340.83350948
165,0,Mauritius,MU,Mauritius,MU,Mauritius,MU,MUS,75.18,88.97,75.91,60.65,96.72,97.66,78.76,82.73,94.89,76.16,67.95,64.66,81.72,64.8,65.81,30.25,5.0,35.0,53.3580178307,13.5,41.7805613787,99.85,99.8180558,93.1491463,0.289254650173,100.0,5.41,3.177534018,2.7,2.0,2.0,2.0,12.2,90.62,98.93,95.69616,1.04655,140.5812628,50.13931848,27.69,20.55241,446.8,8.919498941,36.344863474,4.2,55.45,264.02,37.0,15, ,60.00,0.807141305874,4.0,0.1,44.8,54.0,0.725864698461,0.264877578222,3.8,4.0,0.824958779441,0.17,10.36,0.13,0,0.0,35.0,90.62,95.69616,0.04655,100.0,264.02,0,0,1835592135.87109,201521.993296215
139,0,Mozambique,MZ,Mozambique,MZ,Mozambique,MZ,MOZ,47.9,45.53,58.2,39.96,66.89,20.06,36.49,58.67,68.76,55.13,52.41,56.49,53.05,42.08,54.47,10.27,25.3,181.0,489.105807629,78.5,685.01730566,8.65,37.0392216,20.5046142,0.441073698968,20.2,2.81,150.771043263,3.6,3.0,4.0,3.0,31.6,58.84,89.13,32.43181,0.91981,74.23884829,9.0,30.25,16.63228,595.9,16.245726147,56.620372925,0.0,88.43,967.73,20.0,11, ,30.00,0.784500163096,4.0,0.45,37.8,27.0,0.669467331491,0.269528750485,5.6,4.0,0.662420433203,0.02,2.99,0.34,0,0.0,181.0,58.84,32.43181,0.08019,74.23884829,967.73,0,0,665901793052.438,6777773.63332553
155,0,Namibia,NA,Namibia,NA,Namibia,NA,NAM,61.98,61.88,69.37,54.68,65.3,58.23,57.75,66.24,81.22,73.51,60.38,62.36,66.93,74.96,54.16,22.67,42.3,325.0,264.737645844,45.4,489.153141097,50.67,84.6499855,34.3905834,0.376990738925,47.26256,5.54,109.610543586,16.9,3.0,3.0,2.0,23.9,90.82,91.23,64.84255,1.15734,106.5812144,22.30701479,15.15,17.37891,395.9,15.030748909,60.832814779,6.25,95.74,708.78,30.0,14, ,30.00,0.846826531671,4.0,0.05,76.6,52.0,0.593531500955,0.231711216098,6.0,4.0,0.758846458874,0.06,9.79,0.28,0,0.0,325.0,90.82,64.84255,0.15734,100.0,708.78,0,0,713026939254.109,4879210.11355749
242,0,Niger,NE,Niger,NE,Niger,NE,NER,42.97,47.92,45.92,35.08,74.98,22.39,31.24,63.07,37.12,45.68,61.29,39.6,53.73,36.77,41.98,7.85,9.5,56.0,553.496951402,95.5,545.935262926,8.72,48.6223276,10.8836394,0.47706733098,14.4, ,174.497650005,4.5,4.0,3.0,2.5,26.4,19.10,63.28,20.74982,0.71129,46.49586525,2.22016535,24.62,16.15692,414.6,8.462875121,111.310568172,0.0,88.33,1660.52,21.0,11, ,30.00,0.688774802471,4.0,0.61,42.9,35.0,0.669533303914,0.0434822317852,7.7,3.0,0.68167446417,0.04,1.41,0.35,0,0.0,56.0,19.10,20.74982,0.28871,46.49586525,1500.00,0,0,1000635640849.06,5044580.67389906
243,0,Nigeria,NG,Nigeria,NG,Nigeria,NG,NGA,50.01,47.9,63.31,38.81,72.88,30.54,45.25,42.93,62.94,66.04,62.53,61.75,53.13,45.72,36.39,20.01,7.0,42.0,813.977448356,108.8,449.24566173,2.27,57.2927089,28.9532135,0.551694269688,55.6,1.44,109.171285294,10.1,5.0,5.0,4.5,20.5,59.57,65.67,55.70422,0.92501,82.18573909,47.44255029,35.9,14.21579,284.9,6.916457642,68.921747152,0.154,75.43,332.12,25.0,9,0.60,30.00,0.789560839288,3.0,0.29,31.5,28.0,0.708437396703,0.0710801007682,9.4,1.0,0.803088144297, ,6.77,0.43,1,0.0176777538356,42.0,59.57,55.70422,0.07499,82.18573909,332.12,1,1,751623552247.997,4827281.55037034
121,0,Rwanda,RW,Rwanda,RW,Rwanda,RW,RWA,52.78,57.38,60.83,40.13,73.81,49.82,44.85,61.04,76.07,46.94,62.73,57.59,28.38,73.85,42.36,15.93,31.6,232.0,290.200606404,41.7,298.526221014,9.20,71.8957441,61.6448175,0.560131091234,18.0,4.16,144.97328084,4.9,3.0,3.0,3.5,32.1,71.24,96.67,39.11577,1.09523,70.48290534,18.0,54.61,18.03824,435.5,10.804300837,82.718260819,0.0,71.26,404.49,8.0,4, ,30.00,0.909461475456,3.0,0.04,65.7,54.0,0.685893422395,0.0676188557676,9.1,4.0,0.664255619432,0.06,5.48,0.29,0,0.0,232.0,71.24,39.11577,0.09523,70.48290534,404.49,0,0,20596869261.9209,723912.585404388
211,0,Senegal,SN,Senegal,SN,Senegal,SN,SEN,58.31,64.64,61.9,48.38,84.27,55.06,48.84,70.41,66.24,68.44,56.27,56.65,74.75,54.64,56.68,7.46,10.0,63.0,315.110328931,47.2,353.343976894,53.14,67.3301999,47.5924349,0.5022868605,56.5,3.17,140.865240246,7.9,3.0,2.0,2.5,27.2,55.62,73.31,49.64676,0.97841,99.94675778,21.69026413,27.99,16.79093,515.0,14.156551333,85.852306802,0.5,93.36,726.07,32.0,15,0.80,40.00,0.740949732103,4.0,0.25,43.9,45.0,0.815588644557,0.0147434927745,6.6,4.0,0.837626955111,0.10,3.11,0.45,0,0.0,63.0,55.62,49.64676,0.02159,99.94675778,726.07,0,0,164096688597.853,3053448.77645059
214,0,Sierra Leone,SL,Sierra Leone,SL,Sierra Leone,SL,SLE,47.1,43.49,58.63,39.19,54.89,21.87,23.34,73.85,71.16,58.91,49.64,54.8,56.83,44.67,50.43,4.82,22.3,160.0,1359.67420913,120.4,593.286985532,5.36,47.8186282,13.262579,0.291187402802,14.2,2.20,210.759299807,1.9,3.0,2.0,2.0,27.3,48.43,99.80,43.25026,0.86252,89.52968035,2.5,29.94,12.98834,569.7,10.891643615,71.762007428,0.0,75.46,753.01,28.0,12,0.66,10.00,0.666050911021,4.0,0.31,37.8,30.0,0.713866849051,0.0568712494158,5.9,4.0,0.655695251969,0.09,2.58,0.50,0,0.0,160.0,48.43,43.25026,0.13748,89.52968035,753.01,0,0,59816538357.3239,1376385.98878781
141,0,South Africa,ZA,South Africa,ZA,South Africa,ZA,ZAF,67.25,67.48,69.79,64.5,88.64,73.02,62.82,45.43,86.32,78.83,53.39,60.6,74.71,72.94,60.7,49.65,5.0,13.0,138.046154104,40.5,484.349508225,72.70,81.3951663,66.3871416,0.372732085123,85.4,3.01,38.568855962,33.0,5.0,4.0,3.0,25.1,94.60, ,91.95773,1.20067,164.5116827,51.91911572,21.92,16.55352,574.3,15.382650599,73.875457747,32.49,75.06,714.22,33.0,15,0.72,50.00,0.7647023115230001,4.0,0.03,82.9,45.0,0.639641902769,0.525674201774,6.3,3.0,0.872273438698,0.11,11.48,0.16,13,0.421656228554,13.0,94.60,91.95773,0.20067,100.0,714.22,5,4,1097488807189.25,6788301.98543982
201,0,South Sudan,SS,South Sudan,SS,South Sudan,SS,SSD,,,,,,23.0240058899,,,16.4775981903,,54.7302055359,,,,29.328578949,,,,789.2084182,92.6,698.957045097,1.80,56.8684676,6.7218929,0.186331712075,5.062558, ,183.17050999,13.9,5.0,5.0,5.0,,31.98,30.26,9.51756,0.53695,,,44.87,16.52605,596.4,11.70254327,86.199550424,,, ,-2.0,4, , ,0.424488333187,3.0,,14.0,11.0,0.587366826537,0.0503353403016,9.9,3.0,0.530572368694, ,1.19,0.40,0,0.0,,31.98,9.51756,0.46305,, ,0,0,521555640601.445,4187131.66714116
144,0,Swaziland,SZ,Swaziland,SZ,Swaziland,SZ,SWZ,52.64,58.2,54.78,44.93,66.53,54.67,45.58,66.04,80.84,52.05,32.74,53.48,33.21,65.38,57.56,23.56,26.8,192.0,389.054962307,60.7,887.479436733,37.28,68.8599119,57.4674509,,42.0,3.97,183.775287587,17.4,2.5,3.0,2.5,24.2,87.47,79.74,66.02809,0.99327,73.20000716,30.38270066,52.37,15.97015,939.5,31.0962816,95.624325331,3.7,52.93,340.98,1.0,7, ,40.00,0.606764716964,4.0,0.07,79.0,43.0,0.547975675946,0.179796576003,3.4,3.0,0.83714974636,0.08,10.0,0.27,0,0.0,192.0,87.47,66.02809,0.00673,73.20000716,340.98,0,0,15147818307.8306,502904.443411392
122,0,Tanzania,TZ,Tanzania,TZ,Tanzania,TZ,TZA,50.21,47.45,61.35,41.84,69.96,23.51,34.52,61.8,68.75,55.34,59.09,62.21,50.86,55.35,43.03,18.13,32.1,238.0,398.132838901,48.7,425.588173675,12.59,45.549329,15.5503829,0.32018946141,15.3,2.94,141.077779699,7.9,3.0,3.0,3.0,32.9,80.36,78.05,32.25608,0.91493,75.85579688,5.355144064,28.65,16.37101,451.2,11.141164578,58.970943792,1.44,94.34,665.78,25.0,9,0.56,25.00,0.77346190651,3.0,0.2,54.9,32.0,0.509028375021,0.089940269545,5.4,3.0,0.63775591198,0.03,7.06,0.28,0,0.0,238.0,80.36,32.25608,0.08507,75.85579688,665.78,0,0,774648545644.402,4553095.6140701
245,0,Togo,TG,Togo,TG,Togo,TG,TGO,48.21,49.4,55.86,39.37,78.44,19.68,31.84,67.65,64.63,52.3,53.77,52.73,46.98,51.37,47.65,11.49,11.4,75.0,368.243687877,78.4,480.922602583,5.47,44.2149449,11.6186388,0.406740301272,31.46256, ,181.331683416,9.2,3.0,3.0,1.5,31.1,66.54,97.46,54.70859,0.52893,67.70803859,7.12,30.31,15.54873,524.2,14.156305406,87.730609812,0.0,71.34,668.99,18.0,9, ,30.00,0.715364537428,4.0,0.16,34.3,32.0,0.691460372338,0.0705122486125,4.8,4.0,0.504565853819,0.13,4.19,0.39,0,0.0,75.0,66.54,54.70859,0.47107,67.70803859,668.99,0,0,47139124547.9522,1436932.57782736
222,0,Uganda,UG,Uganda,UG,Uganda,UG,UGA,49.59,52.5,57.17,39.11,73.94,36.78,36.58,62.68,68.0,48.55,54.92,57.21,41.77,47.99,36.93,29.77,25.5,172.0,343.133206749,54.6,449.792545987,5.02,75.8429033,19.0777634,0.385555875543,18.16256,3.37,158.840918448,11.8,3.0,3.0,3.0,27.4,73.81,84.49,26.09937,0.89103,50.37278848,19.22109963,32.58,17.32204,560.1,15.87466395,102.246750612,0.42,93.61,523.17,11.0,9,0.51,25.00,0.731907843761,2.0,0.23,46.9,25.0,0.410052121954,0.33415749999,9.0,2.0,0.753540213744,0.08,6.16,0.29,1,0.267141133724,172.0,73.81,26.09937,0.10897,50.37278848,523.17,1,4,198344632394.483,2141826.07999035
123,0,Zambia,ZM,Zambia,ZM,Zambia,ZM,ZMB,,48.01,,45.05,57.74,36.23,32.8,65.25,,56.58,47.08,54.89,49.63,60.36,48.54,21.69,47.8,405.0,224.236443014,64.0,666.306412314,15.75,51.3353673,43.8709003,0.486836118192,22.06256,2.51,187.194708269,5.8,3.0,3.0,3.0,24.7,85.12,89.04,,,74.47177776,21.0,35.08,17.69023,725.1,22.316614923,89.234323241,4.2,97.06,895.08,23.0,10,0.48,30.00,0.785137744368,3.0,0.19,65.9,38.0,0.557340115562,0.093363689037,5.4,3.0,0.760661097894,0.04,7.75,0.22,0,0.0,405.0,85.12,,,74.47177776,895.08,0,0,628020526078.462,4906749.10361489
124,0,Zimbabwe,ZW,Zimbabwe,ZW,Zimbabwe,ZW,ZWE,50.1,51.31,60.78,38.21,63.66,44.62,42.66,54.28,81.6,56.95,49.44,55.15,26.09,56.31,43.77,26.66,33.4,259.0,443.31382427,70.7,648.149324115,27.51,67.3031511,36.8312138,0.560794598295,40.46256,2.31,138.87634268,6.7,3.0,5.0,3.0,28.2,86.87,90.75,47.57019,0.97947,84.78880444,16.36,40.41,17.77401,493.0,30.793491169,64.519647276,0.0,94.31,1050.12,12.0,8,0.17,10.00,0.72561944064,3.0,0.26,85.1,22.0,0.573940262922,0.0814490454989,7.5,3.0,0.767200318443,0.03,10.2,0.17,0,0.0,259.0,86.87,47.57019,0.02053,84.78880444,1050.12,0,0,331936456307.795,2606683.15306759
231,0,Algeria,DZ,Algeria,DZ,Algeria,DZ,DZA,65.41,78.15,77.09,40.98,95.01,81.23,70.58,65.77,93.31,67.65,77.81,69.59,36.21,60.11,38.58,29.0,5.0,20.0,139.620784295,25.5,45.2342208061,77.01,81.799891,87.5958003,0.165352358424,100.0,4.04,0.3712722446,1.5,2.0,4.0,3.0,23.8,79.61,98.82,99.86019,1.03655,106.3843412,38.2,41.69,21.82973,307.4,2.749809573,46.327497694,45.0933333319,61.62,380.96,11.0,7, ,25.00,0.562599472121,2.0,0.02,74.9,34.0,0.486528407934,0.20578399626,7.9,2.0,0.740472390352,0.46,7.74, ,1,0.033353134689,20.0,79.61,99.86019,0.03655,100.0,380.96,1,1,2074191639703.8,6848872.00478077
69,0,Bahrain,BH,Bahrain,BH,Bahrain,BH,BHR,,,79.28,49.25,,99.74,87.45,71.6,96.97,77.38,73.08,69.69,27.24,66.93,51.94,50.91,,,15.1811907812,6.2,26.456208891,100.00,100.0,99.1976325,0.578464485975,97.69783,6.16,0.2442855475,0.5,2.0,4.0,3.0,8.0,95.72, ,99.37626,1.04025,185.2619572,93.47830114,54.86,19.65775,269.7,6.292919716,46.195441973,72.68,56.54,619.51,2.0,2, ,60.00,0.878952700257,2.0,0.04,58.1,43.0,0.746128836489,,7.9,3.0,0.8554466417,0.33,10.53, ,2,0.606642502763,,95.72,99.37626,0.04025,100.0,619.51,2,6,565007524.319336,170431.361599227
131,0,Comoros,KM,Comoros,KM,Comoros,KM,COM,,,63.93,39.15,,57.37,50.92,,77.65,50.24,59.63,68.2,53.42,40.27,50.22,12.7,,,335.231727916,73.5,282.481226168,38.03,89.1400412,35.8187305,0.395350910085,69.3, ,122.222944628,7.8,,,,21.8,78.14,85.13,60.35041,1.06831,55.16285786,7.459161386,24.33,16.30628,449.0,10.079776985,47.147439909,,68.38,397.93,24.0,10, ,30.00,0.533299519692,3.0,,34.0,24.0,0.652773431983,0.0800474882987,5.0,3.0,0.719217886207, ,6.03,0.48,0,0.0,,78.14,60.35041,0.06831,55.16285786,397.93,0,0,1426584121.4126,307815.610670404
217,0,Djibouti,DJ,Djibouti,DJ,Djibouti,DJ,DJI,,,46.41,32.44,80.42,53.66,,68.72,62.16,26.58,57.22,39.67,31.13,50.73,40.12,7.78,15.9,118.0,229.177475227,65.3,331.149896738,52.71,64.7067481,47.4339138,,53.26256, ,57.199213188,7.0,2.0,3.0,3.0,24.7, ,75.80,48.26956,0.82144,34.94105538,11.92243143,70.9,17.61151,575.3,11.85864312,90.744707268,0.0,39.2,1067.23,7.0,6, ,25.00,0.737244522331,3.0,,43.3,30.0,0.559623334589,0.0529362410074,6.7,3.0,0.630504268683, ,4.05,0.47,0,0.0,118.0, ,48.26956,0.17856,34.94105538,1067.23,0,0,17811688994.5615,723989.602789512
8,0,Egypt,EG,Egypt,EG,Egypt,EG,EGY,63.76,82.3,68.94,40.05,96.72,97.64,70.3,64.54,91.15,62.69,62.94,58.99,28.14,57.84,35.1,39.11,5.0,12.0,33.039633645,24.0,46.4708619801,99.34,98.9898282,94.7206705,0.279646094962,100.0,3.45,0.03666766304,3.2,3.5,3.0,4.0,12.8,75.84,99.59,86.10232,0.99455,110.9915544,37.81938343,54.45,17.41528,527.0,3.506469875,113.52263391,28.35,72.75,334.09,9.0,5,0.35,20.00,0.634780503056,1.0,0.14,80.3,34.0,0.447402307938,,9.0,2.0,0.808598493669,0.41,9.06,0.41,10,0.381551612597,12.0,75.84,86.10232,0.00545,100.0,334.09,4,4,883939814813.057,5287782.12708256
223,0,Iraq,IQ,Iraq,IQ,Iraq,IQ,IRQ,,70.17,57.35,,84.83,74.63,79.44,41.77,73.29,55.06,55.97,45.08,,48.2,28.33,37.79,22.8,185.0,49.5985625375,32.0,47.897535114,75.16,70.1335881,85.6108875,0.378965875597,100.0, ,1.929958853,7.9,5.0,5.0,5.0,20.2,79.72,92.31,53.45966,0.74856,93.82749352,17.22,54.35,18.27141,722.5,8.334538143,111.292046495,9.69296024065,34.64,554.02,12.0,5, , ,0.654099046653,2.0,0.19,60.0,17.0,0.522444445092,0.095090088634,9.8,1.0,0.718720881574,0.63,7.88,0.31,2,0.0,185.0,79.72,53.45966,0.25144,93.82749352,554.02,2,3,403295702455.181,3280676.65551003
225,0,Jordan,JO,Jordan,JO,Jordan,JO,JOR,69.85,85.38,74.6,49.56,97.2,93.5,81.38,69.43,92.68,70.64,73.29,61.8,44.56,64.17,40.28,49.25,5.0,13.0,57.7010856226,17.9,24.2653711323,91.00,92.2723035,98.6347428,0.389956055396,99.5,5.51,0.02989893915,2.3,2.0,3.0,3.0,26.3,98.01,96.76,82.44554,1.05764,179.4330122,53.4,44.49,19.15502,292.2,3.081863906,42.775148177,18.6,42.94,382.75,12.0,7,0.44,60.00,0.754297243109,2.0,0.07,60.6,48.0,0.512002301408,,7.7,2.0,0.818999948765,0.42,12.39,0.17,3,0.259709032774,13.0,98.01,82.44554,0.05764,100.0,382.75,2,4,81432045627.7402,1562883.63769347
71,0,Kuwait,KW,Kuwait,KW,Kuwait,KW,KWT,74.12,90.15,78.73,53.47,98.25,97.61,80.26,84.48,92.04,82.82,72.8,67.27,40.33,66.12,56.95,50.46,5.0,21.0,4.11794062668,8.6,41.0207307063, ,99.0003702,100.0,0.350792653394,97.69783,5.53,0.08910134852,1.8,1.0,2.0,2.0,18.7,96.12,99.47,94.97265,1.16453,231.7631947,82.07911476,32.59,17.87013,237.9,2.7325872,54.561870638,43.1,87.12,756.42,13.0,6, ,45.00,0.837783415364,2.0,0.05,63.5,41.0,0.697417942683,,5.2,3.0,0.84319221638,0.22,12.51, ,1,0.520505391023,21.0,96.12,94.97265,0.16453,100.0,756.42,1,5,15081470611.4023,745205.794806521
13,0,Lebanon,LB,Lebanon,LB,Lebanon,LB,LBN,66.31,75.94,75.65,47.35,98.22,87.06,63.48,55.0,83.74,78.14,72.06,68.67,50.22,58.29,34.06,46.83,5.0,29.0,14.9252250648,8.3,12.4973749679,77.12,98.9511374,80.6697332,0.328084340775,100.0,1.67,0.009509797394,4.3,3.5,5.0,3.0,22.6,94.05,84.71,61.20575,0.9918,92.16457338,74.0,31.95,18.88568,320.4,2.921501437,45.010619215,54.7014492754,43.86,330.77,14.0,11,0.66,20.00,0.646870301691,3.0,0.03,60.6,28.0,0.481596382668,0.119387623743,8.7,1.0,0.822264710627, ,11.39,0.24,4,0.103382486095,29.0,94.05,61.20575,0.0082,92.16457338,330.77,3,3,9506078052.10547,537583.275977329
235,0,Libya,LY,Libya,LY,Libya,LY,LBY,,,64.61,35.88,,,68.75,26.39,91.47,56.37,68.14,42.45,19.87,53.97,45.5,24.17,,,9.33135787264,13.4,40.7603890154, ,,96.5640929,0.345843336666,100.0,2.85,2.097070319,2.5,5.0,5.0,4.5,73.4,91.39, ,101.56349,1.17521,157.0029191,19.01607978,57.89,18.39187,382.9,5.033156776,79.605320934,9.6,24.72,921.35,3.0,4, ,10.00,0.816913518418,2.0,0.03,43.1,14.0,0.702946760649,,8.3,2.0,0.875236317768,0.83,6.27, ,0,0.0,,91.39,100.0,0.17521,100.0,921.35,0,0,1437084075318.4,5690977.48541964
209,0,Mauritania,MR,Mauritania,MR,Mauritania,MR,MRT,48.44,55.02,58.21,32.08,80.96,42.25,35.96,60.91,62.84,64.47,64.25,41.27,39.56,33.83,44.5,10.44,5.6,36.0,601.585166674,84.7,228.964467533,32.63,57.0982427,40.0052301,0.195157551674,21.76256,2.39,94.31404178,11.4,3.0,4.0,2.5,24.5,52.12,79.90,30.59811,0.92944,89.32065985,15.19912669,24.03,16.49223,356.0,7.358230505,92.770589981,0.0,42.92,990.97,9.0,9, ,25.00,0.431688824105,2.0,0.28,29.8,27.0,0.474123551244,0.0213287852871,7.2,4.0,0.770416069008,0.07,4.44,0.41,0,0.0,36.0,52.12,30.59811,0.07056,89.32065985,990.97,0,0,889702069737.776,5226143.18589856
196,0,Morocco,MA,Morocco,MA,Morocco,MA,MAR,65.25,77.43,73.19,45.12,94.54,66.43,80.84,67.92,81.66,72.33,68.44,70.34,45.36,64.54,43.3,27.27,5.0,31.0,121.317277966,27.6,57.2446555004,63.85,65.3102503,76.710707,0.435771880286,100.0,5.28,5.354066889,1.0,3.0,3.0,3.0,20.8,71.71,99.68,69.06295,0.85419,126.8723216,57.08,42.64,19.43024,380.3,7.972153981,41.588634485,5.4,91.1,318.76,15.0,7,0.55,40.00,0.786878396245,2.0,0.11,76.8,37.0,0.569974888721,0.0720698050594,7.4,4.0,0.65149055281,0.37,4.84,0.46,3,0.252656700904,31.0,71.71,69.06295,0.14581,100.0,318.76,2,4,605313232355.339,5544378.56985144
60,0,Oman,OM,Oman,OM,Oman,OM,OMN,,86.92,75.34,,97.2,85.51,86.44,78.53,96.26,77.73,75.4,51.98,37.12,62.61,,,5.0,33.0,17.1356889392,11.6,59.3477504031,74.38,86.1426972,96.743553,,97.69783,6.21,1.588367741,1.1,2.0,2.0,2.0,25.4,93.97,99.99,104.23327,1.06818,159.8605555,74.17416597,40.43,20.93728,319.7,3.563113569,62.797253486,5.42,48.68,740.74,8.0,5, ,55.00,0.910819262747,2.0,0.04,34.2,45.0,,,3.1,4.0,, ,8.19, ,1,0.0601353320677,33.0,93.97,100.0,0.06818,100.0,740.74,1,2,264739803175.492,3225230.80576465
72,0,Qatar,QA,Qatar,QA,Qatar,QA,QAT,,,82.26,55.45,,97.77,86.64,86.1,93.33,84.41,77.91,73.4,45.05,68.35,60.92,47.47,,,12.6342285333,8.0,17.1684323513,94.15,100.0,98.0184204,0.489820139833,97.69783,6.36,0.01205178251,7.2,1.0,2.0,1.5,15.2,97.76,94.96,109.41109,0.88937,159.1317177,92.88482645,35.97,21.28504,229.2,5.008480002,50.768459914,70.0,58.37,325.28,9.0,7, ,65.00,0.903133748237,2.0,0.18,62.3,61.0,0.796181885555,,4.6,4.0,0.840000759314,0.50,10.82, ,2,0.425034091725,,97.76,100.0,0.11063,100.0,325.28,2,4,9751998835.36523,487181.759774158
73,0,Saudi Arabia,SA,Saudi Arabia,SA,Saudi Arabia,SA,SAU,69.45,86.42,76.51,45.43,97.93,89.58,86.39,71.77,90.03,69.17,74.52,72.32,25.17,60.98,48.31,47.26,5.0,9.0,11.6142020562,14.5,47.9499724861,66.70,97.0341105,100.0,0.522741729268,97.69783,6.17,0.5569570021,6.2,1.0,3.0,3.0,27.4,94.84,99.24,108.28788,0.76473,176.5888132,69.6162358,59.72,18.71465,219.8,3.336500595,66.442904063,54.578,81.69,364.40,3.0,3, ,40.00,0.750544112813,1.0,0.04,50.5,46.0,0.802435881834,,7.5,2.0,0.882821980438,0.46,9.61, ,13,0.169545265024,9.0,94.84,100.0,0.23527,100.0,364.40,5,3,1681738517906.36,6767347.893067
61,0,Somalia,SO,Somalia,SO,Somalia,SO,SOM,,,,,,10.9903678894,,40.5988082886,,32.1634025574,50.3489952087,,,50.2510032654,,,,,731.883832352,136.8,756.475370144,20.37,8.792173,23.5396632,0.577518740804,32.70795, ,220.976793207,5.6,5.0,5.0,5.0,25.4, , ,7.35304,0.46047,52.46922266,1.76,65.35,16.33941,720.8,12.315786444,75.960188406,,20.91, ,0.0,3, , ,0.908505954014,3.0,0.22,45.3,10.0,0.552154570969,,9.4,2.0,0.59408190275, ,1.98,0.44,0,0.0,, ,7.35304,0.53953,52.46922266, ,0,0,523765838971.976,4897764.34481271
221,0,Sudan,SD,Sudan,SD,Sudan,SD,SDN,,49.88,48.65,,77.11,31.48,41.7,49.25,55.82,42.43,60.04,36.31,,27.78,28.38,12.38,24.3,176.0,310.852763467,70.1,119.890386122,24.33,50.1831999,23.6439834,0.252808858949,32.56256, ,104.591972195,6.5,4.0,4.0,5.0,24.3,58.60,54.75,42.69846,0.94512,70.52824566,26.61492855,72.53,17.8409,588.8,6.796483649,110.690260772,0.0,42.8,1127.11,2.0,2, , ,0.274023611806,2.0,0.24,32.2,14.0,0.302551490658,0.0675090407971,9.8,2.0,0.792463330323,0.14,5.67,0.43,0,0.0,176.0,58.60,42.69846,0.05488,70.52824566,1127.11,0,0,1561886678047.05,6538614.49267693
237,0,Tunisia,TN,Tunisia,TN,Tunisia,TN,TUN,71.09,84.0,77.26,51.99,97.54,89.22,77.51,71.73,91.41,74.24,72.72,70.68,71.74,62.6,36.92,36.71,5.0,3.0,62.0201992954,14.0,34.8578456963,82.01,93.2040547,91.5946671,0.28977594016,100.0,5.06,0.4147780601,3.1,2.0,3.0,2.5,24.4,81.05,99.68,88.20406,1.04599,129.9114626,48.51983599,31.6,19.65939,305.2,5.046130173,47.858146718,44.1,61.04,275.80,36.0,13,0.74,40.00,0.598496080418,2.0,0.02,73.0,41.0,0.611400107046,0.0419350889392,7.9,2.0,0.695146624838,0.52,9.1,0.35,2,0.193738860907,8.0,81.05,88.20406,0.04599,100.0,275.80,2,3,144736942310.25,2462005.18161166
74,0,United Arab Emirates,AE,United Arab Emirates,AE,United Arab Emirates,AE,ARE,,90.77,,56.12,98.38,93.44,90.35,80.92,,83.69,69.92,75.87,31.01,75.25,62.75,55.47,5.0,18.0,6.1003029542,6.8,49.7368125999,78.74,99.9900346,97.5571069,0.604667391442,97.69783,6.70,0.01763972932,0.7,1.0,3.0,2.5,10.9,92.99,99.51,,,187.3480233,91.24340578,36.73,20.09436,444.3,4.023204019,84.697030252,87.141,89.41,411.81,7.0,4,0.28,55.00,0.943274452111,3.0,0.07,58.5,66.0,0.905235905166,,3.6,3.0,0.845591098572,0.43,13.18, ,6,0.21117020937,18.0,92.99,,,100.0,411.81,3,4,61343222394.7354,1644425.30189887
66,0,Yemen,YE,Yemen,YE,Yemen,YE,YEM,43.46,54.24,52.03,24.11,78.31,43.73,45.72,49.22,64.66,43.2,53.42,46.85,26.64,41.2,23.28,5.31,26.1,182.0,385.155057003,41.9,94.740459371,40.44,46.5273772,53.3313763,0.513345531961,48.40671,1.22,71.101519279,6.7,3.0,5.0,5.0,21.5,69.96,85.69,48.62466,0.68814,67.98097332,25.0995144,67.07,16.36055,715.4,7.152081525,127.957598306,0.0,47.95,332.27,2.0,5, ,30.00,0.500826568645,2.0,0.17,49.7,14.0,0.293694335726,,9.5,1.0,0.770637444603,0.11,2.35,0.48,0,0.0,182.0,69.96,48.62466,0.31186,67.98097332,332.27,0,0,381655547611.227,3332768.48538753
75,0,Afghanistan,AF,Afghanistan,AF,Afghanistan,AF,AFG,35.66,42.65,38.0,26.34,72.74,29.33,22.92,45.63,53.37,47.61,29.37,21.64,37.4,38.97,22.25,6.73,26.8,173.0,396.137276828,91.1,183.614240086,12.17,46.975333,31.8529526,0.405244766329,43.0, ,251.916749403,6.6,5.0,5.0,4.5,15.5,38.17,85.13,55.64441,0.56238,61.57768158,8.26,37.75,15.97849,1442.5,10.205302533,232.481420971,0.0,21.25,544.79,10.0,6,0.60, ,0.454565007709,2.0,0.17,44.9,15.0,0.406950858078,0.0827398489341,8.6,1.0,0.547119212128,0.28,0.98,0.45,0,0.0,173.0,38.17,55.64441,0.43762,61.57768158,544.79,0,0,596750660752.522,4811823.28034684
180,0,Australia,AU,Australia,AU,Australia,AU,AUS,89.3,94.44,88.82,84.65,99.43,100.0,87.1,91.23,97.99,89.09,83.4,84.82,93.41,87.19,77.19,80.8,5.0,8.0,5.94881382022,3.8,12.8121162061, ,100.0,100.0,0.485864354633,100.0,6.36,0.0,1.0,1.0,2.0,1.5,5.4, ,99.92,137.56479,0.94602,132.8005094,84.56051935,17.84,25.46561,199.0,10.23825389,8.917784726,95.0,87.18,670.74,40.0,16,0.87,90.00,0.916217348264,4.0,0.01,82.3,79.0,0.83503835935,0.729569977311,4.1,3.0,0.936083345701,1.05,14.54,0.02,61,0.566811212222,8.0, ,100.0,0.05398,100.0,670.74,9,5,6790483132363.88,25575430.740587
68,0,Azerbaijan,AZ,Azerbaijan,AZ,Azerbaijan,AZ,AZE,65.33,82.66,73.83,39.5,96.18,76.97,82.4,75.1,98.42,71.83,65.66,59.42,18.4,48.17,39.9,51.53,5.0,12.0,25.06859726,31.7,41.8217971063,66.19,77.7506279,89.3490717,0.61380434547,100.0,5.11,17.06162293,2.5,2.0,3.0,3.0,10.0,99.81,98.84,,,111.2826317,77.0,57.89,18.72183,503.2,4.105244807,81.227911869,9.7298,75.83,469.46,4.0,2, ,20.00,0.647240334386,1.0,0.08,34.1,30.0,0.533406737599,0.0328032972257,6.7,2.0,0.757791292325, ,13.16,0.08,3,0.117838669227,12.0,99.00,,,100.0,469.46,2,3,160346673608.672,2750485.58636894
80,0,Bangladesh,BD,Bangladesh,BD,Bangladesh,BD,BGD,54.84,67.4,60.41,36.72,86.34,57.26,55.94,70.05,77.14,53.3,62.69,48.52,37.53,49.98,41.59,17.78,16.4,116.0,176.137551188,37.6,95.132047863,11.78,87.0333053,60.558993,0.778758810172,59.6,3.21,133.323040791,2.8,2.0,3.0,4.0,13.6,61.49,96.26,63.52453,1.12732,81.89932116,14.4,45.94,18.97048,515.1,9.620950732,133.17867415,0.0,63.77,376.07,20.0,7,0.37,20.00,0.817648867619,3.0,0.46,74.1,26.0,0.716005435874,0.357861751366,8.9,2.0,0.646492763905,0.16,5.09,0.39,1,0.0141895370959,116.0,61.49,63.52453,0.12732,81.89932116,376.07,1,1,120171015450.563,4302110.11217553
81,0,Bhutan,BT,Bhutan,BT,Bhutan,BT,BTN,,,71.63,47.48,,72.64,80.42,89.21,80.61,67.67,72.07,66.15,61.46,73.23,48.38,6.85,,,147.894825934,32.9,123.238057131,58.19,100.0,50.4003421,0.856441127384,75.56256,5.76,54.788793204,2.7,1.0,2.0,1.0,15.1,63.91,88.98,84.19769,1.06927,87.0290974,39.8,30.73,20.49252,337.2,7.184176502,83.368207561,0.0,96.34,168.22,28.0,9, ,60.00,0.809123477448,2.0,0.14,83.1,65.0,0.600270616505,0.163778698783,7.6,3.0,0.842102590433, ,3.23,0.45,0,0.0,,63.91,84.19769,0.06927,87.0290974,168.22,0,0,35451346445.3906,885902.884352305
89,0,Cambodia,KH,Cambodia,KH,Cambodia,KH,KHM,54.54,61.47,62.7,39.44,87.73,45.64,52.16,60.36,73.56,62.91,56.57,57.76,37.61,61.83,41.19,17.13,14.2,97.0,160.537972305,28.7,169.270668994,21.43,69.1359691,42.4289467,0.77712924759,31.1,3.32,109.19313645,1.8,4.0,4.0,3.0,17.4,78.35,88.86,45.05133,0.85457,133.0003478,19.0,40.7,17.30782,532.0,14.356488828,81.735593267,0.0,88.15,623.15,11.0,8,0.43,25.00,0.952476606946,3.0,0.11,58.8,21.0,0.169423944271,0.270826182433,7.1,4.0,0.745901201772,0.10,5.69,0.28,0,0.0,97.0,78.35,45.05133,0.14543,100.0,623.15,0,0,151413897922.589,2212097.35904462
83,0,China,CN,China,CN,China,CN,CHN,63.72,79.98,68.67,42.53,94.94,81.8,79.15,64.01,95.48,53.18,68.03,58.0,15.21,71.09,37.76,46.05,9.3,74.0,26.6850510121,10.7,26.1398449764,73.07,92.9685707,76.4658715,0.560834174175,100.0,5.25,44.694729149,0.8,2.0,4.0,4.0,18.8,96.36, ,94.29921,1.02599,92.18011871,50.3,80.96,19.73422,392.6,9.037940617,84.291165695,27.9342,77.45,755.44,1.0,3,0.18,20.00,0.762809402394,1.0,0.02,94.5,40.0,0.40063272453,0.136790519074,8.1,3.0,0.729681203787,0.18,9.82, ,96,0.0487948388137,74.0,96.36,94.29921,0.02599,92.18011871,755.44,9,1,8913200678630.32,30148507.3962322
58,0,India,IN,India,IN,India,IN,IND,58.39,66.74,61.15,47.29,84.64,57.57,64.42,60.35,85.57,56.1,55.91,47.01,72.3,58.43,26.36,32.05,15.2,109.0,174.331136955,47.7,210.976449307,28.18,92.6481063,39.6266218,0.672988120917,78.7,4.28,119.778083172,3.2,3.0,4.0,4.0,16.6,72.23,95.14,74.27544,1.01328,78.06172564,26.0,43.17,17.90836,534.8,17.331347044,133.536127396,2.2464,63.42,490.65,35.0,13,0.67,55.00,0.80336366302,2.0,0.28,72.3,40.0,0.377081128666,0.215017590922,8.5,1.0,0.605779649067,0.33,5.79,0.42,40,0.0330976373571,109.0,72.23,74.27544,0.01328,78.06172564,490.65,8,1,2741073303827.27,17607294.6871379
176,0,Indonesia,ID,Indonesia,ID,Indonesia,ID,IDN,65.1,74.13,70.81,50.34,91.98,56.54,78.02,69.99,92.1,63.31,62.09,65.74,64.54,64.16,35.47,37.19,7.6,51.0,126.18626292,27.2,149.588041677,21.83,79.4838902,60.827153,0.74668930145,96.0,4.20,37.10736637,0.5,3.0,3.0,3.0,15.3,95.44,92.88,82.4687,0.99277,132.3482101,21.97606771,41.72,16.64913,517.0,3.106544682,49.899879377,0.02,81.62,348.04,31.0,12,0.71,30.00,0.816842212021,1.0,0.14,81.2,37.0,0.32346376126,0.093550629608,7.3,2.0,0.789369824937,0.26,9.56,0.21,10,0.0475768017468,51.0,95.44,82.4687,0.00723,100.0,348.04,4,1,1541068461799.56,41659459.9562306
70,0,Iran,IR,Iran,IR,Iran,IR,IRN,61.93,82.71,69.24,33.86,97.17,90.96,77.84,64.86,94.38,57.77,68.8,56.0,18.62,50.08,26.38,40.34,5.0,31.0,25.1679794646,15.5,29.4802365498,92.18,92.1244889,90.0043834,0.315780152163,100.0,5.03,0.9432964362,4.8,2.0,3.0,3.5,32.1,87.17,99.25,89.16724,0.99426,93.38482985,45.33497588,66.52,19.6047,415.4,6.010454308,71.09513972,3.73,64.16,576.28,7.0,2,0.30,10.00,,1.0,0.21,71.9,29.0,0.492373176049,,8.8,2.0,0.563709247289,0.81,9.89,0.37,14,0.047249257244,31.0,87.17,89.16724,0.00574,93.38482985,576.28,5,1,1548185921739.6,7430451.81425255
84,0,Japan,JP,Japan,JP,Japan,JP,JPN,86.44,95.92,87.57,75.83,99.19,99.58,93.25,91.66,99.86,86.7,79.89,83.82,85.66,78.6,62.11,76.95,5.0,8.0,5.42941662943,2.7,41.5501610432,98.45,100.0,100.0,0.756826833037,100.0,6.55,0.0,0.3,1.0,2.0,1.5,4.7, ,99.95,101.74561,1.00314,126.5421967,91.05802839,28.67,26.12879,188.9,19.218766829,16.829905508,56.5334333333,93.25,301.27,40.0,15,0.74,80.00,0.784950103565,4.0,0.01,70.4,72.0,0.486947270067,0.270695822991,3.9,4.0,0.894424850515,1.37,15.51,0.20,90,0.244136897211,8.0, ,100.0,0.00314,100.0,301.27,9,4,354612025772.158,11609323.782031
226,0,Kazakhstan,KZ,Kazakhstan,KZ,Kazakhstan,KZ,KAZ,66.01,81.23,66.6,50.2,97.86,81.98,76.29,68.79,98.98,71.46,44.18,51.77,27.97,61.83,49.12,61.87,5.0,18.0,11.9523419207,14.1,32.2058866004,61.37,85.5765167,97.5411031,0.458423522021,100.0,4.55,22.764167807,7.4,2.0,3.0,3.0,24.2,99.79,99.83,112.00781,1.02566,156.8789431,70.8299336,54.55,17.49267,657.8,30.52141401,74.942398351,15.6,53.45,805.55,5.0,4,0.39,30.00,0.74304205403,1.0,0.05,75.6,29.0,0.418773198775,0.0790046321407,7.3,4.0,0.919145262618,0.86,13.93,0.06,10,0.125232946399,18.0,99.00,100.0,0.02566,100.0,805.55,4,3,2959375916875.8,12994038.3627828
76,0,Kyrgyzstan,KG,Kyrgyzstan,KG,Kyrgyzstan,KG,KGZ,65.33,77.85,68.72,49.44,95.22,80.04,69.36,66.77,97.64,69.92,55.32,51.98,48.6,60.59,44.73,43.81,6.0,40.0,75.5075241756,21.3,46.6764068049,58.19,86.2193251,93.2840289,0.570974318278,100.0,3.24,56.258559925,3.7,3.0,3.0,3.0,22.0,99.50,99.53,90.78167,1.00861,132.7972052,30.24704278,30.16,17.91904,613.6,14.21164925,81.919395598,4.2,79.8,934.90,13.0,9,0.72,20.00,0.784411618758,2.0,0.08,66.3,28.0,0.537693912149,0.0622962991541,8.6,3.0,0.910932328938,0.63,13.79,0.05,0,0.0,40.0,99.00,90.78167,0.00861,100.0,934.90,0,0,196489061422.42,3365189.25965756
90,0,Laos,LA,Laos,LA,Laos,LA,LAO,54.17,68.45,57.54,36.53,81.64,56.83,59.31,76.0,81.59,34.4,53.65,60.53,19.78,58.13,51.04,17.19,18.5,128.0,197.398732666,66.7,160.250278532,28.37,69.3761822,70.8865625,0.437591422199,70.0,4.71,122.821016703,7.3,2.0,3.0,2.0,14.3,79.87,92.71,61.69724,0.92518,53.0961079,18.2,71.58,16.80635,565.4,16.209309979,91.145123588,0.0,90.23,373.50,1.0,4, ,15.00,0.869158349635,1.0,0.2,67.1,30.0,0.625736287153,0.407271257924,6.6,3.0,0.690784409562,0.22,6.11,0.34,0,0.0,128.0,79.87,61.69724,0.07482,53.0961079,373.50,0,0,195366130923.658,3802363.22966796
91,0,Malaysia,MY,Malaysia,MY,Malaysia,MY,MYS,71.14,87.53,75.59,50.29,97.24,94.46,87.13,71.3,90.64,74.56,68.04,69.13,43.57,58.72,41.97,56.88,5.0,14.0,39.8100180006,7.0,119.429979623,96.41,92.9907571,96.0120812,0.61242425527,100.0,5.82,1.080933271,1.9,3.0,2.0,3.0,24.0,94.64,98.09,77.57128,1.08086,143.8900746,71.06406781,46.57,19.4993,380.3,8.921069821,51.70951481,19.5888,90.85,449.54,18.0,7,0.35,55.00,0.662409819674,1.0,0.06,51.4,49.0,0.407910039126,0.209723075945,6.7,2.0,0.808023205086,0.60,11.93, ,14,0.262072415535,14.0,94.64,77.57128,0.08086,100.0,449.54,5,4,269485199929.74,6117465.30641936
220,0,Mongolia,MN,Mongolia,MN,Mongolia,MN,MNG,62.0,67.05,61.31,57.65,87.5,47.37,60.62,72.7,96.13,68.54,36.68,43.87,70.18,65.09,51.41,43.92,20.5,156.0,43.9546879625,22.4,39.8124529059,24.35,59.2103975,59.7165974,0.265092312367,89.76256,3.84,84.93407513,7.5,3.0,2.0,2.5,21.0,98.37,97.31,91.46233,1.02144,104.9641984,21.43603111,27.61,17.1097,820.6,34.043184132,90.000132332,3.3,83.56,1417.03,36.0,14,0.71,30.00,0.712600630085,3.0,0.04,71.1,38.0,0.304204545971,0.059249209125,4.0,3.0,0.946732505872,0.96,12.06,0.09,0,0.0,156.0,98.37,91.46233,0.02144,100.0,1417.03,0,0,1610427623366.56,7773534.25402734
92,0,Myanmar,MM,Myanmar,MM,Myanmar,MM,MMR,55.69,66.23,61.28,39.57,85.39,56.5,57.16,65.88,85.42,54.55,59.29,45.86,31.21,64.8,35.91,26.35,14.2,103.0,178.499520528,50.0,168.017452234,8.16,74.3998151,79.5544837,0.820141187996,52.36256,2.72,91.975397663,2.5,2.5,3.0,4.0,20.3,93.09,94.53,51.29609,1.0258,75.68406821,21.8,42.08,16.75091,583.6,4.905946116,93.703449238,0.0,57.74, ,14.0,7,0.34,10.00,0.871644968477,2.0,0.07,71.7,28.0,0.437519335439,0.292641636909,9.9,2.0,0.792059852875,0.34,7.74,0.19,0,0.0,103.0,93.09,51.29609,0.0258,75.68406821, ,0,0,574123542274.897,8909065.03035686
77,0,Nepal,NP,Nepal,NP,Nepal,NP,NPL,60.08,69.69,65.2,45.35,88.88,58.04,56.48,75.35,81.43,64.46,63.95,50.98,55.76,54.49,61.58,9.58,7.8,51.0,258.414286194,35.8,200.807416695,24.08,91.7715798,45.793182,0.812466521683,76.3,1.82,113.271689042,2.9,3.0,2.0,2.5,17.0,64.66,97.11,69.57147,1.07498,96.74910847,17.58161801,32.62,17.39044,410.7,7.853970601,113.235134631,0.0,76.59,588.48,24.0,9,0.70,30.00,0.806556590501,3.0,0.29,64.6,29.0,0.796235377971,0.834520365113,9.5,3.0,0.837043649003,0.11,3.6,0.41,0,0.0,51.0,64.66,69.57147,0.07498,96.74910847,588.48,0,0,131660296196.383,2346874.62628428
157,0,New Zealand,NZ,New Zealand,NU,New Zealand,NZ,NZL,89.3,93.86,88.72,85.31,99.2,100.0,85.23,91.0,97.38,93.05,80.74,83.72,94.08,88.16,83.89,75.09,5.0,8.0,11.2364035087,5.7,12.0019877784,100.00,100.0,,0.405358482317,100.0,6.30,0.0,0.9,1.5,2.0,1.0,6.0, ,99.06,117.49002,1.0597,121.8345852,88.22288882,10.01,24.70868,230.3,10.896923777,8.966534369,70.192,92.75,535.21,40.0,16,0.85,95.00,0.92420709811,4.0,0.08,83.7,90.0,0.888650517539,0.785515473665,3.8,4.0,0.935352578318,1.19,15.04, ,15,0.486623022739,8.0, ,100.0,0.0597,100.0,535.21,5,5,265402366325.461,8733598.65885041
78,0,Pakistan,PK,Pakistan,PK,Pakistan,PK,PAK,51.54,64.38,54.34,35.9,78.34,66.89,57.99,54.3,61.82,48.0,58.79,48.74,46.18,52.09,22.43,22.91,22.0,172.0,177.94475713,81.1,139.414778095,38.83,89.9098204,63.5030756,0.591140763798,93.6,2.39,120.404607151,7.8,4.0,4.0,4.5,14.2,56.44,80.23,44.52587,0.79272,66.91662303,18.0,48.52,17.816,690.2,3.529378955,136.318942532,0.1,70.04,411.86,21.0,6,0.59,30.00,0.631267846744,2.0,0.11,49.6,32.0,0.464533899935,0.0166463415846,9.7,1.0,0.626921285078,0.19,4.26,0.44,9,0.0817231476163,172.0,56.44,44.52587,0.20728,66.91662303,411.86,4,2,793363687991.091,6910857.6614621
87,0,Philippines,PH,Philippines,PH,Philippines,PH,PHL,67.1,71.88,71.18,58.23,88.65,71.59,68.54,58.74,92.61,67.19,61.04,63.89,63.31,66.69,55.38,47.56,13.5,93.0,114.147673505,28.0,173.686248126,43.13,90.260738,73.934905,0.632902327297,87.5,3.99,79.380878014,9.9,4.0,4.0,3.5,10.5,96.62,98.03,88.38892,1.09835,115.7514163,40.7,44.66,17.10152,527.1,5.919326941,77.299831901,2.583,86.16,274.18,27.0,14,0.65,30.00,0.904216088735,4.0,0.05,54.7,35.0,0.604179915516,0.619785057901,8.1,3.0,0.818583433712,0.70,11.82,0.12,5,0.0331021306641,93.0,96.62,88.38892,0.09835,100.0,274.18,3,1,243313631300.695,13265781.7748703
93,0,Singapore,SG,Singapore,SG,Singapore,SG,SGP,,,82.97,71.06,,100.0,94.28,93.9,85.93,75.07,83.78,87.11,60.85,83.23,69.53,70.62,,,9.98423945072,2.7,83.4623292604,100.00,,100.0,0.750700511786,100.0,6.81,0.0,0.3,1.0,2.0,1.0,3.6,96.77,79.06,85.53201,0.97259,146.5260072,82.103,52.96,25.48335,209.2,9.06075511,32.453975291,100.0,72.26,141.59,19.0,9,0.54,90.00,0.862820201197,2.0,0.0,75.1,84.0,0.65841749714,0.254035653004,2.8,4.0,0.916392961543,1.73,13.83, ,5,0.25612105832,,96.77,85.53201,0.02741,100.0,141.59,3,4,451512939.538818,83805.7588361389
88,0,South Korea,KR,South Korea,KR,"Korea, Republic of",KR,KOR,82.08,91.74,83.96,70.54,99.22,92.44,88.16,87.13,97.25,86.36,72.44,79.78,72.43,70.04,63.28,76.4,5.0,4.0,11.0110550034,3.4,27.9309778646,92.93,87.9498446,100.0,0.582071546834,100.0,6.17,0.0,0.7,1.0,2.0,2.0,12.0,97.97,96.46,97.73029,0.98875,118.4619172,89.64863086,28.58,24.99283,211.8,27.745607076,27.366468566,82.4244642,69.34,434.63,32.0,13,0.63,70.00,0.561290714991,4.0,0.0,81.7,53.0,0.55955231113,0.309787287182,3.1,4.0,0.796389613381,1.94,14.62,0.26,42,0.160302118564,8.0,97.97,97.73029,0.01125,100.0,434.63,8,3,92065447292.1133,2854398.91885822
63,0,Sri Lanka,LK,Sri Lanka,LK,Sri Lanka,LK,LKA,66.16,76.3,72.75,49.42,87.19,78.05,71.29,68.68,95.47,64.22,62.15,69.15,53.6,66.21,34.11,43.76,22.0,192.0,30.2935960232,9.8,39.759979882,33.59,94.9523972,95.1130681,0.486464097107,88.66256,4.41,45.13313761,2.9,2.0,3.0,4.0,17.4,92.61,97.33,99.72451,1.0459,110.5858631,29.98873755,44.96,20.65357,290.6,28.049256071,41.862885701,0.0,81.98,214.31,24.0,9,0.57,40.00,0.873877685799,2.0,0.09,71.3,36.0,0.552273793168,0.0283644025207,9.2,1.0,0.860281678894,0.52,11.6,0.13,1,0.0529090909091,192.0,92.61,99.72451,0.0459,100.0,214.31,1,2,54408684043.3418,1430834.19888961
14,0,Syria,SY,Syria,SY,Syria,SY,SYR,,,,,,,,,,,,,,,,,,,,,, ,,,,, ,,,5.0,5.0,5.0,, , ,,,,,81.35,,,,,,31.17, ,-3.0,2, ,10.00,,,,57.3,13.0,,,10.0,,, ,, ,0,0.0,, ,,,, ,0,0,176268986643.218,2111203.05813871
79,0,Tajikistan,TJ,Tajikistan,TJ,Tajikistan,TJ,TJK,58.87,71.91,67.97,36.74,78.36,67.83,72.92,68.52,93.58,58.74,65.89,53.68,16.35,48.02,46.83,35.78,33.2,250.0,31.9818019109,44.8,75.0747477471,44.77,66.7177797,95.0279569,0.675674347228,100.0,3.68,60.594116803,1.4,3.0,3.0,3.0,18.8,99.78,99.30,87.89465,0.89888,98.59026032,18.98,50.34,18.39519,460.3,4.946791159,105.257995892,2.25,74.2,489.26,1.0,2, ,20.00,0.574657329859,1.0,0.13,55.5,25.0,0.401044028587,,7.6,4.0,0.832613799401,0.26,11.78,0.07,0,0.0,250.0,99.00,87.89465,0.10112,98.59026032,489.26,0,0,137144400085.662,3203881.21863218
95,0,Thailand,TH,Thailand,TH,Thailand,TH,THA,68.51,82.12,74.12,49.28,94.99,85.01,86.76,61.73,94.86,66.87,67.31,67.45,37.3,72.02,37.51,50.3,7.4,53.0,20.2863095935,12.3,121.241336546,56.57,97.9863768,92.9735036,0.880178954713,100.0,5.06,23.388504633,3.9,3.0,3.0,3.0,36.2,93.98,95.89,129.00171,0.9448,152.7312472,39.31612674,44.53,21.04971,369.2,15.830728807,51.368924323,11.52,86.08,409.54,7.0,6,0.48,40.00,0.907065401531,3.0,0.11,90.6,35.0,0.23401152645,0.323513891127,9.0,2.0,0.904072877097,0.54,10.09,0.16,12,0.143117493122,53.0,93.98,100.0,0.0552,100.0,409.54,5,3,430325865314.834,6687506.94382876
64,0,Turkmenistan,TM,Turkmenistan,TM,Turkmenistan,TM,TKM,,71.11,57.83,,93.65,44.74,77.81,68.23,93.86,45.57,56.56,35.32,9.49,58.37,59.56,,5.0,22.0,42.0231364322,51.4,58.4581283537,53.59,34.5999963,62.6935425,0.316457791861,100.0, ,1.018884541,4.3,3.0,3.0,3.0,17.4,99.69, ,85.34142,0.96289,145.9387545,14.99677482,83.44,16.65668,597.6,8.763687219,100.431940518,9.8,49.93,1680.56,0.0,1, ,5.00,0.691096613046,1.0,0.05,75.4,22.0,0.723679165716,,6.8,4.0,0.91123999982, ,14.01, ,0,0.0,22.0,99.00,85.34142,0.03711,100.0,1500.00,0,0,536632109781.047,4328852.64451561
65,0,Uzbekistan,UZ,Uzbekistan,UZ,Uzbekistan,UZ,UZB,62.02,82.58,61.34,42.12,94.76,76.79,88.08,70.7,98.04,52.06,60.06,35.22,5.31,68.0,55.78,39.39,5.0,29.0,35.9338210343,39.1,46.4373762044,47.37,80.9064671,100.0,0.847399948511,100.0, ,28.402465978,3.2,3.0,3.0,3.0,11.2,100.00,98.88,95.92394,0.98248,73.31992547,42.8,61.15,18.38441,552.4,10.462971841,98.273775075,0.0,56.18,1706.55,0.0,0,0.06,15.00,0.975171153509,1.0,0.05,82.3,21.0,0.724252365765,,7.3,3.0,0.940068197861, ,12.97,0.01,0,0.0,29.0,99.00,95.92394,0.01752,73.31992547,1500.00,0,0,440822969738.068,5799927.97514641
98,0,Vietnam,VN,Vietnam,VN,Vietnam,VN,VNM,,78.82,,41.91,92.29,71.68,76.29,75.03,,59.12,73.79,61.19,23.71,66.09,49.75,28.08,11.0,83.0,54.1130855962,21.7,69.557466213,27.23,96.8589451,77.9891286,0.586513829158,99.0,4.37,37.413282553,1.5,2.0,2.0,3.0,24.5,94.51,99.87,,,130.6396858,52.72,74.27,22.53423,375.5,8.614927356,54.661143804,0.1525,82.37,605.85,3.0,4,0.39,15.00,0.853197958404,2.0,0.1,78.2,33.0,0.445839088977,0.20485857755,6.2,3.0,0.870411956122,0.22,9.65,0.18,0,0.0,83.0,94.51,,,100.0,605.85,0,0,274140456215.407,6786323.36523283
246,0,Albania,AL,Albania,AL,Albania,AL,ALB,70.97,85.53,78.35,49.04,98.17,90.69,80.45,72.82,95.99,78.81,74.99,63.62,60.53,54.87,48.6,32.16,5.0,8.0,28.5968451652,14.0,17.1625529444,81.97,95.2322831,93.2337102,0.686077897855,100.0,4.45,21.764957637,4.0,3.0,3.0,2.0,15.1,97.55,98.96,95.76549,0.936,106.3802068,63.2529327,29.92,21.58236,340.6,5.262085688,42.892069905,5.136225,54.12,257.69,28.0,13,0.56,35.00,0.716607300179,4.0,0.07,26.9,39.0,0.526178677436,0.106410719793,4.7,4.0,0.624360384252,0.07,12.26,0.12,0,0.0,8.0,97.55,95.76549,0.064,100.0,257.69,0,0,28133500089.1685,941886.344758735
67,0,Armenia,AM,Armenia,AM,Armenia,AM,ARM,69.01,85.83,76.49,44.7,96.85,96.42,77.71,72.32,95.69,77.91,66.12,66.26,43.06,49.32,39.84,46.58,5.8,41.0,25.3260597312,14.1,19.5058528616,99.33,100.0,89.4950839,0.382966665074,100.0,4.78,4.497291229,2.0,2.0,3.0,3.0,18.3,99.77,96.42,88.50236,1.01056,115.8898894,58.24933222,28.79,19.60776,481.9,7.282521256,62.051077839,11.4905,87.43,393.71,16.0,9, ,20.00,0.54553072071,2.0,0.08,42.7,33.0,0.526060777368,0.0178480386387,5.6,2.0,0.691058990878,0.88,13.1,0.04,0,0.0,41.0,99.00,88.50236,0.01056,100.0,393.71,0,0,28945200204.707,1168496.56960022
18,0,Austria,AT,Austria,AT,Austria,AT,AUT,87.98,95.72,89.56,78.64,99.53,100.0,90.15,93.22,98.0,90.7,78.77,90.78,93.93,84.41,73.76,62.47,5.0,8.0,3.80282083857,3.5,8.8858557187,100.00,100.0,100.0,0.584668059261,100.0,6.61,0.0,0.5,1.0,2.0,1.0,5.4, , ,100.02189,0.95284,157.4082637,83.9263,13.18,24.14899,232.6,12.523667829,22.913016437,94.3061733333,93.33,211.83,37.0,16,0.93,90.00,0.87983525516,3.0,0.0,83.1,75.0,0.737950007147,0.682671231462,4.0,3.0,0.926318595998,0.56,13.29,0.03,13,0.292503000999,8.0, ,100.0,0.04716,100.0,211.83,5,4,87081191626.6909,1966041.65298516
49,0,Belarus,BY,Belarus,BY,Belarus,BY,BLR,67.8,87.2,67.37,48.84,99.29,95.42,78.74,75.36,99.5,69.25,45.11,55.61,23.49,61.58,48.0,62.29,5.0,8.0,4.25931368563,4.6,19.5997112377,91.48,99.0595529,94.3238449,0.35355725679,100.0, ,1.789893759,3.6,2.0,3.0,2.5,13.7,99.72,99.95,107.11942,0.98697,123.6360037,62.23036091,54.32,18.82214,684.3,31.712657074,81.801839406,7.18,73.06,646.02,5.0,3,0.36,20.00,0.603497419187,2.0,0.04,72.4,40.0,0.390106704672,0.0910948419233,7.1,4.0,0.886056795096, ,14.86,0.04,3,0.109263842119,8.0,99.00,100.0,0.01303,100.0,646.02,2,3,228353588678.61,2758349.89570049
32,0,Belgium,BE,Belgium,BE,Belgium,BE,BEL,87.15,93.27,87.84,80.34,99.19,99.83,90.18,83.87,95.03,90.62,75.67,90.03,89.44,84.79,75.17,71.94,5.0,8.0,6.97113752888,4.1,28.9069701743,100.00,100.0,99.4847994,0.675983414649,100.0,6.21,0.0,1.8,2.0,3.0,1.0,6.7, ,99.83,164.81173,1.13389,115.6907852,85.0529,14.18,24.06325,252.2,16.768330534,24.756530183,89.77596,100.0,277.78,40.0,15,0.86,80.00,0.862861223134,3.0,0.01,86.0,77.0,0.707329628503,0.845607097688,4.4,3.0,0.925279247327,1.17,14.51,0.08,16,0.38490653546,8.0, ,100.0,0.13389,100.0,277.78,6,4,32705872693.173,1069996.34461743
247,0,Bosnia and Herzegovina,BA,Bosnia and Herzegovina,BA,Bosnia and Herzegovina,BA,BIH,,86.4,,44.99,99.25,94.85,75.08,76.43,,76.38,73.4,50.22,52.93,47.66,43.42,35.96,5.0,8.0,11.2507599244,5.4,10.3900196563,87.21,99.9992611,94.7820814,0.488267726477,100.0,4.59,42.10351035,1.3,2.0,3.0,2.0,17.7,98.49, ,,,90.15196021,65.0655028,28.45,20.59653,337.0,5.137419066,48.50065161,0.0,36.62,784.35,21.0,10,0.68,20.00,0.587788220558,4.0,0.17,27.9,39.0,0.483515823566,0.0713202554471,7.0,3.0,0.792406705435, ,11.3,0.13,0,0.0,8.0,98.49,,,90.15196021,784.35,0,0,51909844003.5518,1228715.61205745
254,0,Bulgaria,BG,Bulgaria,BG,Bulgaria,BG,BGR,74.42,88.18,76.54,58.52,98.7,94.74,83.42,75.86,96.27,75.33,62.82,71.76,68.17,58.77,49.34,57.81,5.0,8.0,10.8490310237,10.4,18.7087010549,99.08,98.9825688,85.9820705,0.74055292553,100.0,4.62,10.470810957,1.6,3.0,3.0,2.0,8.3,98.39,95.14,99.01635,0.96856,129.271715,56.6563,34.46,19.55382,521.4,10.925612878,69.713173434,60.8093964,88.98,531.55,33.0,14,0.70,30.00,0.65624296748,2.0,0.09,61.0,41.0,0.255592728433,0.217985634836,5.3,3.0,0.92443986208,0.85,13.62,0.06,2,0.154133492022,8.0,98.39,99.01635,0.03144,100.0,531.55,2,3,110480287175.013,1867200.25934389
248,0,Croatia,HR,Croatia,HR,Croatia,HR,HRV,78.04,91.8,82.26,60.06,99.37,98.77,85.82,83.26,97.83,81.32,69.73,80.13,73.88,64.95,45.36,56.05,5.0,8.0,8.47980866191,4.3,11.2864182906,99.64,99.6633292,96.9766935,0.600724928241,100.0,5.77,9.256757039,0.8,2.0,3.0,1.0,9.2,99.27,98.73,98.99999,1.0378,103.7666724,69.8031,27.91,21.45268,355.1,13.522990048,43.202759116,50.22907,98.96,272.50,37.0,14,0.78,35.00,0.635724617342,4.0,0.02,59.3,49.0,0.342471002699,0.296306304048,6.0,3.0,0.751374461885,0.72,12.57,0.04,1,0.405465461487,8.0,99.00,98.99999,0.0378,100.0,272.50,1,4,56669425221.7246,3493034.93845507
4,0,Cyprus,CY,Cyprus,CY,Cyprus,CY,CYP,81.15,90.63,84.31,68.52,99.51,100.0,81.85,81.15,99.05,83.88,81.28,73.02,84.95,71.04,52.96,65.12,5.0,8.0,6.92962026907,2.7,13.4295967483,100.00,100.0,100.0,0.461212591044,100.0,5.27,0.0,0.1,2.0,3.0,2.0,5.2,99.06,98.60,99.77831,0.99277,95.40034086,71.7159,18.26,22.45918,220.8,3.17595659,21.422289137,14.9,78.23,291.93,38.0,15, ,70.00,0.729348495379,3.0,0.02,,55.0,0.61452369265,0.349568441221,6.5,3.0,0.780219845337,1.32,14.64,0.13,2,0.270058655761,8.0,99.00,99.77831,0.00723,95.40034086,291.93,2,4,8569324148.76367,558457.694731643
19,0,Czech Republic,CZ,Czech Republic,CZ,Czech Republic,CZ,CZE,84.22,95.5,85.0,72.15,99.39,99.71,89.98,92.92,98.79,88.67,72.24,80.3,86.91,76.5,57.86,67.33,5.0,8.0,4.41507630761,3.4,20.6550579489,100.00,100.0,99.1146843,0.636012844299,100.0,6.39,1.812069422,0.7,1.0,2.0,1.0,6.1, , ,105.12585,1.00487,123.1557215,81.2986,16.66,21.95023,329.1,12.014560343,42.353093158,63.007634,100.0,426.99,38.0,15,0.85,75.00,0.797598468031,3.0,0.0,82.8,55.0,0.35887419566,0.491066036874,5.0,3.0,0.919968147414,0.54,14.47,0.01,13,0.566104666718,8.0, ,100.0,0.00487,100.0,426.99,5,5,83425083121.8882,1635523.05991892
21,0,Denmark,DK,Denmark,DK,Denmark,DK,DNK,90.57,96.79,90.86,84.06,99.28,99.87,94.27,93.75,98.49,95.64,77.91,91.39,97.89,89.83,78.29,70.24,5.0,8.0,6.49691656058,3.5,27.0879168533,100.00,100.0,99.5972251,0.764157251875,100.0,6.75,0.0,1.0,1.0,2.0,1.0,3.5, ,99.54,129.86802,1.03551,128.3419376,96.3305,8.89,23.25526,248.0,10.351308447,21.368748276,91.5954306,97.6,213.35,40.0,16,0.97,95.00,0.948230537063,3.0,0.0,80.4,90.0,0.803130977123,0.85872898858,4.6,3.0,0.95315484059,0.95,15.13,0.03,13,0.438846844216,8.0, ,100.0,0.03551,100.0,213.35,5,4,48158314176.4148,3904257.35371239
50,0,Estonia,EE,Estonia,EE,Estonia,EE,EST,82.96,91.97,85.19,71.71,99.46,97.76,87.24,83.41,97.4,91.46,70.52,81.4,91.92,78.59,50.25,66.08,5.0,8.0,9.32104760736,2.9,13.0927106567,96.84,98.9569122,97.2323658,0.671959454033,100.0,5.74,7.696871762,3.1,2.0,3.0,1.0,7.0,99.82,94.94,115.17822,0.99251,148.6880842,88.4066,14.31,21.97675,347.9,14.177178673,25.853392435,71.860259,100.0,625.43,38.0,16,0.85,90.00,0.802910534217,4.0,0.05,76.6,70.0,0.273448614035,0.257902957959,6.8,4.0,0.919409041484,1.10,14.47,0.02,3,0.407758901728,8.0,99.00,100.0,0.00749,100.0,625.43,2,4,53574882855.6289,1957195.26543705
52,0,Finland,FI,Finland,FI,Finland,FI,FIN,90.53,96.16,89.52,85.9,99.65,99.24,92.64,93.13,96.46,94.77,77.08,89.77,95.77,91.69,84.04,72.12,5.0,8.0,2.6131108675,2.3,9.42616288075,100.00,100.0,97.6456582,0.712785813091,100.0,6.61,0.0,1.6,1.0,2.0,1.0,4.8, ,99.82,149.45608,1.09455,135.4468526,92.6513,8.59,24.05915,224.2,15.714167967,13.947306434,83.7225,96.93,297.80,40.0,16,0.94,90.00,0.938875744483,4.0,0.01,86.9,89.0,0.725138333378,0.751906938905,2.0,4.0,0.948613660567,0.95,15.05,0.02,18,0.344425049094,8.0, ,100.0,0.09455,100.0,297.80,6,4,425760323551.604,5467187.45348617
34,0,France,FR,France,FR,France,FR,FRA,85.92,92.49,89.16,76.1,99.27,99.56,88.4,82.74,99.59,86.85,79.06,91.14,86.03,81.5,61.16,75.72,5.0,8.0,8.46516460159,4.3,19.7350403192,100.00,100.0,98.6520037,0.469282884839,100.0,6.73,0.0,1.2,2.0,3.0,1.5,5.1, ,99.93,110.64401,1.0105,102.6131585,84.6945,23.83,25.68842,241.5,16.478134785,14.80341889,79.56355,99.52,186.89,38.0,14,0.83,80.00,0.786780453928,3.0,0.01,90.5,69.0,0.700372805534,0.718509148109,7.0,2.0,0.884922920085,0.88,14.04,0.08,75,0.522210826831,8.0, ,100.0,0.0105,100.0,186.89,9,5,563385611428.185,6019880.72078076
10,0,Georgia,GE,Georgia,GE,Georgia,GE,GEO,70.8,87.14,74.06,51.21,95.96,90.26,79.48,82.87,99.26,75.38,62.85,58.74,64.85,57.87,26.3,55.8,7.4,55.0,36.0557936312,11.9,21.3419884401,80.45,100.0,86.2561853,0.644013153175,100.0,4.92,43.23591711,2.7,2.0,2.0,2.0,11.8,99.76,98.58,103.68162,1.00239,128.9505963,47.56975964,27.96,19.39789,568.7,7.824908243,67.569024395,0.0,70.31,472.99,27.0,11,0.77,40.00,0.546791242047,3.0,0.14,55.1,57.0,0.429108158887,0.052458813476,8.1,2.0,0.527227403035, ,14.57,0.03,1,0.169822851457,55.0,99.00,100.0,0.00239,100.0,472.99,1,3,69267793994.5068,1670915.86533539
37,0,Germany,DE,Germany,DE,Germany,DE,DEU,88.5,94.46,89.78,81.26,99.36,99.75,89.03,89.71,97.85,91.06,78.62,91.6,92.75,84.83,73.64,73.84,5.0,8.0,6.17884246265,3.7,19.116037383,100.00,100.0,99.2191238,0.565814892923,100.0,6.44,0.0,0.9,2.0,2.0,1.0,4.3, ,99.80,102.6654,0.94383,116.7122833,87.5898,14.8,23.69408,249.3,10.418186139,22.883713245,95.3016,100.0,256.79,39.0,15,0.91,90.00,0.85875763673,3.0,0.0,80.6,81.0,0.781246957808,0.766371883547,4.8,3.0,0.900846524448,0.76,14.24,0.02,91,0.430355691033,8.0, ,100.0,0.05617,100.0,256.79,9,4,383104457568.229,4959539.96139582
11,0,Greece,GR,Greece,GR,Greece,GR,GRC,78.92,89.87,85.77,61.13,99.39,99.67,82.48,77.92,95.58,79.6,82.68,85.2,72.63,56.68,47.58,67.65,5.0,8.0,3.20355460893,4.6,13.1679381212,100.00,100.0,98.9755554,0.496453962892,100.0,5.26,0.0,0.1,2.0,3.0,2.5,9.1,95.29,96.79,106.49936,0.94444,112.9501854,66.835,30.35,23.96435,264.8,3.152373392,27.413538191,77.6235665,94.82,359.69,35.0,14,0.74,40.00,0.464621759557,3.0,0.04,59.3,44.0,0.429339506894,0.277877897235,5.1,2.0,0.801978362211,1.28,13.88,0.12,10,0.277441621188,8.0,95.29,100.0,0.05556,100.0,359.69,4,4,125717598866.696,7665988.24109014
23,0,Hungary,HU,Hungary,HU,Hungary,HU,HUN,77.32,90.06,80.67,61.22,99.16,98.9,80.45,81.75,98.3,82.03,62.64,79.71,63.72,65.9,50.96,64.32,5.0,8.0,16.5837134534,5.9,8.25677449242,98.34,100.0,97.9895365,0.549711873555,100.0,4.77,9.371960914,1.5,2.0,3.0,1.5,7.7,99.38,96.46,105.20377,1.00185,118.9116649,72.8347,28.17,20.25768,454.8,17.082341947,48.243178753,51.0991787744,100.0,271.24,29.0,13,0.58,45.00,0.514621118497,3.0,0.01,82.3,48.0,0.283705868896,0.284189920619,5.0,3.0,0.891895057754,0.77,13.91,0.03,9,0.446123049826,8.0,99.00,100.0,0.00185,100.0,271.24,4,4,96070873175.5913,1616914.02655663
172,0,Iceland,IS,Iceland,IS,Iceland,IS,ISL,90.27,94.96,89.06,86.81,99.54,99.6,87.15,93.55,98.13,93.7,83.32,81.07,92.41,87.17,93.04,74.61,5.0,8.0,3.49745707893,2.0,19.9068246244,100.00,100.0,98.7773515,0.408920486314,100.0,6.72,0.0,0.3,1.0,2.0,1.0,4.6, ,99.15,118.55641,1.04032,114.0145756,98.2,15.3,24.69433,183.2,8.740511839,12.415391393,60.06,66.04,210.17,38.0,16, ,90.00,0.943590817148,3.0,0.01,,78.0,0.869222781105,0.875964891146,1.3,4.0,0.984940034632,1.31,14.86,0.02,2,0.700267057653,8.0, ,100.0,0.04032,100.0,210.17,2,6,131902957229.375,4464103.05897309
174,0,Ireland,IE,Ireland,IE,Ireland,IE,IRL,88.91,93.03,87.86,85.86,99.23,95.34,87.82,89.72,98.85,89.98,80.49,82.11,93.09,83.71,86.21,80.42,5.0,8.0,7.69955589085,3.6,28.8375001132,97.88,97.8373335,90.4823206,0.500462186669,100.0,6.46,0.0,1.1,2.0,2.0,1.0,4.1, ,99.30,127.2033,1.02279,103.7054863,80.1224,12.4,24.13737,224.1,9.841717838,19.255207735,51.1074435,90.51,290.56,39.0,16, ,90.00,0.863148796222,4.0,0.0,79.5,73.0,0.847561314555,0.823134989781,1.6,3.0,0.956633937915,1.68,14.53,0.05,15,0.550654203774,8.0, ,100.0,0.02279,100.0,290.56,5,5,76272354561.8818,3002708.60400886
224,0,Israel,IL,Israel,IL,Israel,IL,ISR,80.61,90.95,87.1,63.78,99.27,100.0,83.23,81.28,99.06,81.56,84.04,83.74,77.8,71.68,32.56,73.06,5.0,8.0,5.24146497386,4.0,24.8764589168,100.00,100.0,100.0,0.322560082148,100.0,6.21,0.0,1.7,2.0,3.0,2.0,3.6, ,99.91,101.86365,1.01542,133.4675501,77.35208966,32.58,25.03127,205.7,7.327236381,22.190065647,94.27076,71.29,388.92,36.0,12, ,75.00,0.74595558938,2.0,0.03,68.5,64.0,0.313738575362,0.31176224195,9.8,1.0,0.869529935687,1.31,15.68,0.10,12,0.285466054033,8.0, ,100.0,0.01542,100.0,388.92,5,4,18926736952.7295,1090208.54102877
249,0,Italy,IT,Italy,IT,Italy,IT,ITA,82.62,89.1,88.3,70.46,99.5,99.84,84.94,72.1,98.99,79.81,84.81,89.58,79.67,66.14,63.66,72.38,5.0,8.0,3.68859649089,3.5,11.4011700928,99.95,100.0,99.5462677,0.486605352084,100.0,5.87,0.0,0.8,3.0,4.0,2.0,6.1,99.02,99.54,102.62494,0.97807,142.1177275,65.5716,28.93,25.07679,210.7,5.807906928,22.175598133,81.169,98.96,223.28,36.0,15,0.82,50.00,0.613989831177,4.0,0.0,66.0,47.0,0.633980181388,0.615618274439,5.0,2.0,0.921146809878,0.45,14.28,0.11,59,0.770142259324,8.0,99.00,100.0,0.02193,100.0,223.28,9,6,298634703738.125,6417309.35590787
53,0,Latvia,LV,Latvia,LV,Latvia,LV,LVA,78.61,89.05,83.16,63.62,98.83,93.22,80.07,84.08,98.52,87.84,60.38,85.89,78.48,69.96,44.5,61.55,5.0,8.0,18.2874563217,7.9,18.7302395825,92.49,98.3004291,87.7892703,0.393397379645,100.0,5.36,8.072457422,3.9,1.0,3.0,1.5,10.0,99.89,98.57,115.3598,0.97753,127.5007249,79.2006,17.38,20.12749,474.1,19.698552205,52.258843789,94.23,97.81,284.23,36.0,15, ,50.00,0.631765189718,3.0,0.01,74.9,57.0,0.223240976514,0.197225541916,7.7,4.0,0.887823643385,0.78,14.44,0.03,2,0.270656064949,8.0,99.00,100.0,0.02247,100.0,284.23,2,4,73645826888.1777,1645114.35346514
54,0,Lithuania,LT,Lithuania,LT,Lithuania,LT,LTU,78.09,87.64,78.48,68.13,99.17,91.17,80.59,79.64,98.4,84.77,52.75,78.0,86.03,68.42,52.52,65.56,5.0,8.0,9.90906094429,5.2,19.6829899886,93.12,90.3822719,92.3959201,0.365186054179,100.0,5.58,7.126255514,5.5,2.0,3.0,1.5,10.6,99.82,99.65,106.82183,0.96064,139.5163805,71.378,19.95,19.3969,443.1,32.746006036,49.123191275,46.820228,98.55,305.91,38.0,16, ,65.00,0.549691650963,4.0,0.0,69.6,59.0,0.287980155212,0.158375968444,4.6,4.0,0.874390872533,1.05,14.17,0.06,4,0.299698764733,8.0,99.00,100.0,0.03936,100.0,305.91,3,4,72820263395.0654,1471477.52534926
41,0,Luxembourg,LU,Luxembourg,LU,Luxembourg,LU,LUX,,,91.43,82.98,99.51,99.22,89.14,,97.67,93.8,81.63,92.63,92.41,86.28,84.26,68.99,5.0,8.0,9.6977944008,1.9,16.2407869017,100.00,100.0,97.6007849,0.535781328091,100.0,6.60,0.0,0.7,,,,8.7, ,96.80,102.26246,1.02336,148.5105686,97.3341,14.43,24.30687,213.7,8.89160001,20.081743423,96.844075,100.0,235.99,38.0,16, ,90.00,0.872459586373,4.0,0.01,,81.0,0.829194236655,0.781562934972,3.1,4.0,0.94126057382,1.05,14.08,0.06,2,0.857682826623,8.0, ,100.0,0.02336,100.0,235.99,2,6,2736901238.44751,243458.165642384
251,0,Malta,MT,Malta,MT,Malta,MT,MLT,,,86.65,69.97,99.07,100.0,82.51,,92.14,84.58,84.33,85.58,87.99,73.92,78.46,39.52,5.0,8.0,8.78066928649,6.4,20.3344060607,100.00,100.0,100.0,0.606824222914,100.0,4.77,0.0,1.4,,,,5.1,94.07,98.69,85.7834,0.9118,129.2979067,76.184,23.84,24.22282,212.7,3.822159124,23.486520513,68.49,93.98,261.90,39.0,16, ,70.00,0.914573934039,4.0,,71.6,55.0,0.673546146034,0.817230431147,3.9,4.0,0.9226374917,0.60,11.59,0.07,0,0.0,8.0,94.07,85.7834,0.0882,100.0,261.90,0,0,277662753.972168,65934.9627897617
55,0,Moldova,MD,Moldova,MD,Moldova,MD,MDA,66.31,79.32,70.52,49.08,97.96,71.17,72.27,75.89,93.07,75.65,59.99,53.36,64.77,52.11,37.3,42.14,5.0,8.0,22.909563638,15.8,26.6843099246,53.93,81.3762944,76.4261697,0.253606843657,100.0,4.30,12.143045024,3.2,2.0,3.0,2.5,12.5,99.24,91.58,86.10812,1.00808,108.0396517,49.83693954,28.83,17.96804,462.1,14.079248649,64.10946371,14.0,53.23,792.99,27.0,12,0.72,40.00,0.505920491503,3.0,0.11,62.0,30.0,0.403361886195,0.0350544446998,7.0,2.0,0.796477015524,0.56,13.8,0.07,0,0.0,8.0,99.00,86.10812,0.00808,100.0,792.99,0,0,34811448150.3232,1178555.86760976
195,0,Montenegro,ME,Montenegro,ME,Montenegro,ME,MNE,70.01,83.88,75.94,50.22,99.38,94.0,67.97,74.17,95.52,79.02,66.12,63.12,62.05,49.96,46.38,42.49,5.0,8.0,7.15852410611,4.7,9.019898357,84.20,99.1686009,95.9086551,0.250559466736,100.0,4.01,41.099547525,3.2,3.0,3.0,2.0,11.9,98.72,94.64,90.34223,0.99935,162.1559441,68.11958104,32.79,19.79509,423.6,11.013521726,51.75130791,6.7,67.72,393.47,26.0,12, ,40.00,0.548854516382,4.0,,37.1,45.0,0.563176432674,0.0816326492049,7.6,3.0,0.857908843219, ,13.05,0.07,0,0.0,8.0,98.72,90.34223,0.00065,100.0,393.47,0,0,13732218801.9321,691215.480966379
199,0,Netherlands,NL,Netherlands,NL,Netherlands,NL,NLD,89.82,94.97,91.15,83.33,99.24,99.27,91.31,90.08,99.22,94.82,80.38,90.17,93.6,88.9,77.73,73.1,5.0,8.0,6.91917593953,3.8,27.2965511608,100.00,100.0,97.7262196,0.611706661817,100.0,6.76,0.0,0.7,2.0,2.0,1.0,3.4, ,99.85,132.31711,0.9804,123.5384297,93.0965,8.76,24.1978,236.1,9.597133612,22.813907708,99.27476525,90.38,269.55,40.0,16,0.87,90.00,0.905555669998,4.0,0.0,84.6,83.0,0.789602005647,0.882969954342,4.4,3.0,0.918638095443,0.98,14.69,0.04,26,0.298206577479,8.0, ,100.0,0.0196,100.0,269.55,7,4,37897433793.8282,2241318.24709199
227,0,Norway,NO,Norway,NO,Norway,NO,NOR,90.27,95.44,91.15,84.21,99.38,99.37,89.27,93.75,98.79,95.8,81.29,88.74,96.32,89.37,81.74,69.39,5.0,8.0,4.91837683421,2.6,26.7018731217,100.00,100.0,98.0585832,0.517289175546,100.0,6.72,0.0,0.6,1.0,2.0,1.0,3.8, ,99.88,112.98924,0.96843,111.1231883,96.8103,8.79,24.16099,204.4,9.537360893,15.966844512,83.83348,82.2,153.42,40.0,16,0.95,90.00,0.946808211755,3.0,0.0,84.3,85.0,0.855367579902,0.865222961016,3.8,3.0,0.954728905054,0.97,15.42,0.02,9,0.294634102695,8.0, ,100.0,0.03157,100.0,153.42,4,4,407205796302.275,22240302.0535541
24,0,Poland,PL,Poland,PL,Poland,PL,POL,79.65,90.69,81.48,66.8,99.23,97.15,78.71,87.65,97.53,82.37,67.12,78.88,79.59,73.44,50.38,63.76,5.0,8.0,3.10573880088,5.2,21.2996736296,98.22,96.8797086,97.210427,0.29139837208,100.0,5.53,9.017031698,0.7,2.0,2.0,1.0,10.3,99.79,97.42,108.70262,0.96486,142.6869959,67.997,23.89,21.84271,393.7,17.41082815,44.899416389,57.17602,99.76,424.54,37.0,14,0.75,65.00,0.816218904633,3.0,0.02,63.1,62.0,0.206416753668,0.169818054417,4.9,4.0,0.886248978694,0.77,14.78,0.06,11,0.173687850748,8.0,99.00,100.0,0.03514,100.0,424.54,5,3,337626808743.958,3105299.69182313
198,0,Portugal,PT,Portugal,PT,Portugal,PT,PRT,85.44,93.45,87.0,75.88,99.1,99.89,84.38,90.41,98.11,85.06,80.11,84.71,88.93,78.73,76.17,59.69,5.0,8.0,10.1459853877,3.6,37.3867105284,100.00,100.0,99.6690391,0.41512532232,100.0,6.06,0.0,0.9,1.0,2.0,1.5,7.8,95.43,99.72,116.3954,0.976,110.4116639,68.6329,17.27,24.13769,238.9,9.722833784,16.859597235,54.120926,95.78,248.78,39.0,16,0.88,70.00,0.830365047784,4.0,0.05,82.9,62.0,0.743869536389,0.520007778126,2.7,4.0,0.888749167713,0.39,11.54,0.06,12,0.490342352292,8.0,95.43,100.0,0.024,100.0,248.78,5,5,89205700204.9795,2606435.07096102
56,0,Romania,RO,Romania,RO,Romania,RO,ROU,73.53,84.01,77.51,59.08,98.29,83.12,75.09,79.54,94.9,78.96,65.57,70.59,71.83,70.06,39.43,54.99,5.0,8.0,31.3806334591,11.1,25.6005201602,62.70,100.0,79.0765515,0.350661822878,100.0,4.73,21.733118047,1.5,2.0,3.0,2.0,8.7,98.76,92.87,92.25221,0.99415,107.1402041,55.7632,24.29,20.15262,462.5,11.061692203,54.884020938,15.39138,95.77,338.89,35.0,14,0.75,35.00,0.78473533912,3.0,0.03,70.2,48.0,0.250330923626,0.152702265097,7.0,3.0,0.799408386074,0.44,13.8,0.05,4,0.195134154154,8.0,98.76,92.25221,0.00585,100.0,338.89,3,3,242390692639.337,2652657.39478484
197,0,Serbia,RS,Serbia,RS,Serbia,RS,SRB,73.41,88.51,75.1,56.61,99.04,96.68,76.52,81.8,98.2,80.25,63.44,58.52,69.43,53.29,48.87,54.87,5.0,8.0,16.8513916313,6.7,11.8513132335,93.89,98.9111068,96.4266986,0.481940562694,100.0,4.81,36.333606113,1.3,2.0,3.0,1.5,7.7,98.00,99.21,96.66961,1.0144,120.5200243,65.3170254,27.6,19.74818,435.8,15.01852239,50.085393013,6.40541333333,61.46,624.24,29.0,14,0.67,50.00,0.583603747569,3.0,0.05,34.8,42.0,0.560577204784,0.207225307326,7.8,3.0,0.874706627543,0.54,13.0,0.08,2,0.412086088594,8.0,98.00,96.66961,0.0144,100.0,624.24,2,4,88648130410.5522,1818328.57009291
26,0,Slovakia,SK,Slovakia,SK,Slovakia,SK,SVK,80.22,93.22,83.87,63.56,98.95,99.02,86.09,88.84,96.4,88.99,69.79,80.31,78.48,68.67,50.02,57.04,5.0,8.0,5.63701648029,7.3,26.8920347991,97.79,100.0,98.8240692,0.529495161028,100.0,6.01,3.318848758,1.1,2.0,2.0,1.0,6.6, , ,91.92216,1.00907,122.3101642,77.63470572,13.26,20.70843,370.3,10.21229109,46.299246605,54.693412,100.0,292.62,36.0,15, ,50.00,0.640575239452,3.0,0.01,75.3,51.0,0.234750100244,0.259042294204,6.5,4.0,0.918773826539,0.63,13.98,0.02,2,0.197544654139,8.0, ,91.92216,0.00907,100.0,292.62,2,3,51326101538.689,1262370.38844481
27,0,Slovenia,SI,Slovenia,SI,Slovenia,SI,SVN,84.32,94.05,86.04,72.87,99.41,99.15,84.84,92.81,99.36,84.35,76.31,84.15,79.87,80.85,63.76,67.0,5.0,8.0,8.59841484648,2.6,20.2490774217,98.97,99.39713,99.1072515,0.405667527463,100.0,6.33,5.277408854,0.7,1.0,2.0,1.0,6.4,99.71,98.79,110.67075,0.99759,113.2193248,73.0987,22.26,23.62959,240.0,14.874343469,25.854044361,59.77818,100.0,311.15,39.0,14,0.76,60.00,0.902620992632,4.0,0.01,78.0,61.0,0.382422033996,0.463412859675,4.2,4.0,0.929816447835,0.79,14.19,0.03,2,0.657268654411,8.0,99.00,100.0,0.00241,100.0,311.15,2,6,20890825073.9907,888801.344989137
200,0,Spain,ES,Spain,ES,Spain,ES,ESP,86.96,92.28,90.98,77.63,99.37,99.95,86.43,83.37,99.55,86.74,84.92,92.7,84.67,75.36,77.99,72.51,5.0,8.0,4.99119381173,4.1,16.5823903879,100.00,100.0,99.8510521,0.484867794268,100.0,6.21,0.0,0.7,2.0,3.0,1.5,3.7,98.11,99.70,129.81048,0.99736,108.1965621,78.6896,19.92,25.21275,206.7,6.271037273,13.859471073,94.5219166667,96.73,226.94,38.0,15,0.81,70.00,0.763487578926,3.0,0.01,80.3,58.0,0.812463071818,0.834705785574,5.9,4.0,0.941447832658,0.96,13.5,0.05,38,0.41950146747,8.0,98.11,100.0,0.00264,100.0,226.94,8,4,493636414857.751,5765653.49013043
229,0,Sweden,SE,Sweden,SE,Sweden,SE,SWE,89.66,95.36,90.4,83.21,99.46,99.78,88.19,94.02,95.04,92.8,80.95,92.81,93.51,87.15,78.8,73.36,5.0,8.0,4.05108788573,3.0,18.0521354081,100.00,100.0,99.3067381,0.448463679094,100.0,6.78,0.0,0.9,1.0,2.0,1.0,2.8, ,99.94,132.91093,1.13502,130.3794052,90.6102,12.33,24.63366,199.1,11.945299775,11.024706328,93.2,88.76,130.32,40.0,16,0.87,90.00,0.914179641467,3.0,0.01,77.2,88.0,0.795900389668,0.78815258156,1.7,2.0,0.909241495191,0.94,15.12,0.03,22,0.424234591705,8.0, ,100.0,0.13502,100.0,130.32,7,4,550845439386.394,7598661.22240775
43,0,Switzerland,CH,Switzerland,CH,Switzerland,CH,CHE,90.1,96.18,91.75,82.37,99.42,99.96,91.38,93.96,98.77,92.19,83.05,92.99,90.74,89.02,75.17,74.57,5.0,8.0,5.18928715811,3.9,13.103143677,100.00,100.0,99.8766904,0.585466555828,100.0,6.89,0.0,0.5,1.0,2.0,1.0,3.3, ,99.80,99.76941,0.96993,136.4697443,87.4790556,11.76,25.54454,180.4,12.119301391,15.548488591,95.1643916667,90.43,116.29,39.0,15, ,90.00,0.926506318454,3.0,0.01,85.7,86.0,0.69501009777,0.78206508435,3.8,3.0,0.927352273098,1.10,14.42,0.06,20,0.458973650585,8.0, ,99.76941,0.03007,100.0,116.29,6,5,42712374528.7734,1418268.3484854
16,0,Turkey,TR,Turkey,TR,Turkey,TR,TUR,68.68,85.16,74.95,45.94,98.38,98.34,79.31,64.61,94.9,66.94,76.77,61.18,35.69,56.13,41.5,50.43,5.0,1.0,15.94661856,13.5,16.5949865047,100.00,100.0,94.871085,0.538906399793,100.0,4.40,2.483050412,4.3,3.0,4.0,3.5,8.9,95.69,93.18,100.27794,0.96878,96.02134861,53.74497914,50.76,21.12264,275.8,4.052037912,41.62445257,31.554968,22.53,314.11,18.0,6,0.26,40.00,0.624456612203,1.0,0.1,60.4,41.0,0.561252569379,0.229566263086,9.5,2.0,0.872215630578,0.36,8.76,0.14,21,0.106882367377,8.0,95.69,100.0,0.03122,96.02134861,314.11,7,3,753931863803.235,7140965.63190947
57,0,Ukraine,UA,Ukraine,UA,Ukraine,UA,UKR,68.35,79.91,68.62,56.53,98.47,89.12,74.74,57.32,97.52,73.84,52.73,50.37,62.99,53.56,40.52,69.07,5.0,8.0,24.4514138898,9.0,34.1586596817,68.56,97.7819357,95.937863,0.341445976903,100.0,4.35,7.087684207,4.4,4.0,4.0,4.0,13.5,99.76,96.52,99.23694,0.98022,144.0231793,48.88464368,32.93,18.34106,595.3,21.204617224,75.935281347,14.1267,65.58,1027.45,25.0,11,0.84,25.00,0.459075599812,3.0,0.07,68.6,29.0,0.373855279022,0.116158992343,6.9,2.0,0.85810293241,1.50,14.69,0.04,8,0.0626464511116,8.0,99.00,99.23694,0.01978,100.0,1027.45,4,2,628161239007.702,7151607.68660483
183,0,United Kingdom,GB,United Kingdom,GB,United Kingdom,GB,GBR,88.73,92.96,90.28,82.96,99.11,99.74,87.53,85.45,98.46,89.61,81.16,91.88,90.76,87.31,69.49,84.26,5.0,8.0,9.10932782716,4.2,33.3195612587,100.00,100.0,99.2104299,0.440027727099,100.0,6.67,0.0,0.9,2.0,3.0,1.0,2.9, ,99.85,127.81129,1.04039,124.1322156,92.0003,21.7,24.08386,243.6,7.413556887,22.795218683,96.338194,98.98,237.80,40.0,14,0.88,90.00,0.805849727134,4.0,0.0,92.2,81.0,0.80078303113,0.757618974257,5.9,2.0,0.953111766475,0.96,14.9,0.03,147,0.622302095212,8.0, ,100.0,0.04039,100.0,237.80,10,6,270234140081.603,9915936.44850077
62,0,Canada,CA,Canada,CA,Canada,CA,CAN,89.84,94.88,86.64,88.0,99.26,99.42,88.12,92.74,99.68,85.11,81.6,80.17,94.32,88.47,81.87,87.34,5.0,8.0,7.00464584499,4.9,17.419920729, ,98.9999943,99.8182752,0.497824997581,100.0,6.54,0.0,1.5,1.0,2.0,1.0,6.0, ,99.46,109.93155,1.00188,82.97723837,88.47,15.26,25.03119,223.8,10.739557911,11.853842443,69.8147305,74.5,494.63,40.0,16,0.89,90.00,0.90771331928,4.0,0.03,88.3,82.0,0.881653501681,0.868101665801,3.6,3.0,0.923367113066,1.64,15.65,0.04,45,0.0,8.0, ,100.0,0.00188,82.97723837,494.63,8,5,11992320848803.2,167717773.841625
46,0,United States,US,United States,US,United States,US,USA,86.43,93.42,84.19,81.68,98.96,98.77,89.18,86.76,97.95,84.63,75.88,78.31,88.98,79.88,68.3,89.55,5.0,8.0,13.7493058196,6.5,23.3258211893,98.64,98.1646803,99.9888939,0.566833368115,100.0,6.47,0.0,3.9,1.0,2.0,2.0,10.6, ,98.04,97.56469,1.0183,117.5867444,74.45218272,22.49,23.60978,299.4,12.406079622,18.475767865,50.4365,79.35,392.70,36.0,16,0.86,80.00,0.754823711954,3.0,0.03,85.1,74.0,0.787818403178,0.713409841783,5.1,2.0,0.895789766953,1.86,15.06,0.05,329,0.207363127574,8.0, ,97.56469,0.0183,100.0,392.70,10,4,9620058050487.9,68991224.5346363
36,0,Argentina,AR,Argentina,AR,Argentina,AR,ARG,75.9,81.71,79.41,66.58,97.34,98.32,67.25,63.92,97.23,82.29,70.57,67.54,67.51,67.52,72.42,58.88,5.0,2.0,52.3876611697,12.5,72.740254472,98.24,99.9503951,96.3550679,0.3016729477,99.8,2.70,1.620767762,7.6,3.0,4.0,3.0,13.6,98.09,99.80,106.7779,1.06717,146.7017843,69.40092102,25.09,21.47032,365.9,11.483976414,34.288014285,7.67,69.72, ,33.0,14,0.78,15.00,0.824845281435,3.0,0.13,83.8,36.0,0.739433486834,0.614446870773,4.7,4.0,0.872206272131,0.30,13.0,0.08,20,0.231804352751,8.0,98.09,100.0,0.06717,100.0, ,6,4,2613077503438.32,13331285.6880105
134,0,Belize,BZ,Belize,BZ,Belize,BZ,BLZ,,,66.66,,95.39,91.69,73.01,,90.43,62.81,62.08,51.32,68.35,,55.83,28.77,6.2,40.0,27.7005242827,16.5,113.465032883,80.61,100.0,90.5396464,0.385281028498,100.0, ,21.080914303,34.4,,,,24.4,82.78,98.16,80.79221,1.02497,60.974459,41.59,20.61,17.073,463.1,7.385187928,53.409440443,2.2801,99.03,3574.40,36.0,15,0.58,35.00,0.858789704987,4.0,,70.1,,0.492410932356,0.217943203377,4.1,4.0,0.752596414128,0.20,9.78,0.16,0,0.0,40.0,82.78,80.79221,0.02497,60.974459,1500.00,0,0,18672113481.2266,900614.186860587
38,0,Bolivia,BO,Bolivia,BO,Bolivia,BO,BOL,66.93,74.42,73.36,53.0,86.16,68.29,75.52,67.71,91.22,70.51,70.96,60.73,57.11,60.94,60.45,33.52,15.9,104.0,206.212856587,38.4,117.987615885,84.41,75.5870961,50.3290574,0.466258845962,90.5,5.00,29.400986386,12.4,3.0,3.0,2.0,23.2,95.14,90.15,86.40507,0.9838,92.1838516,45.1,31.78,21.34821,319.4,12.893024541,54.378045024,3.509,90.06,776.16,29.0,14,0.56,10.00,0.8686920356,4.0,0.15,52.8,33.0,0.680267033685,0.40389361475,6.2,4.0,0.794694433765,0.82,9.86,0.25,0,0.0,104.0,95.14,86.40507,0.0162,92.1838516,776.16,0,0,917569473427.565,5276401.9780431
40,0,Brazil,BR,Brazil,BR,Brazil,BR,BRA,73.97,76.49,79.55,65.86,97.07,86.62,73.9,48.38,94.11,76.67,73.57,73.87,71.64,73.23,68.34,50.21,5.0,10.0,43.6669334136,16.4,69.620629802,93.70,86.9604601,82.7756729,0.378631370793,99.5,4.10,10.360595479,24.6,4.0,4.0,4.0,23.4,92.59,96.67,101.9509,1.076,126.5922645,59.07947791,32.62,21.66745,369.2,6.55666081,30.946382321,17.556,92.62,355.86,31.0,15,0.69,45.00,0.802310158322,4.0,0.04,86.8,40.0,0.703066938477,0.695666808908,5.7,3.0,0.908371120756,0.38,9.6,0.24,34,0.106956068436,10.0,92.59,100.0,0.076,100.0,355.86,8,3,7070882439405.68,24893081.2153366
42,0,Chile,CL,Chile,CL,Chile,CL,CHL,82.54,88.62,85.95,73.04,98.14,96.27,82.4,77.67,97.64,83.16,79.37,83.65,89.66,73.54,72.76,56.19,5.0,20.0,22.1079876348,8.1,38.0120373851,99.00,93.2750255,99.0508011,0.365183617242,99.6,5.90,1.914579661,3.6,2.0,3.0,2.0,12.4,96.63,97.21,100.64619,1.01346,129.4703901,64.289,19.23,24.41998,242.9,11.758196342,28.153031599,84.4975833333,75.15,274.00,37.0,16,0.83,85.00,0.640901788819,4.0,0.06,81.2,66.0,0.70306047479,0.622416643845,3.8,4.0,0.839549175596,0.54,13.29,0.13,14,0.182305401817,20.0,96.63,100.0,0.01346,100.0,274.00,5,3,712283995826.534,31370140.0677961
138,0,Colombia,CO,Colombia,CO,Colombia,CO,COL,71.72,75.59,79.06,60.51,94.42,78.34,77.95,51.66,93.62,71.45,78.05,73.11,65.62,67.03,58.03,51.35,8.8,62.0,64.3258285689,15.9,36.569929035,87.85,73.8162971,81.0978463,0.468690798553,97.0,4.81,12.899565627,27.9,4.0,4.0,3.5,16.8,94.58,94.99,98.09186,1.07128,115.7447743,55.90497251,44.11,21.71645,228.5,6.194638263,31.71301214,12.243,87.99,277.54,29.0,12,0.65,50.00,0.816710272363,4.0,0.17,82.8,37.0,0.65793700839,0.442923435139,7.0,3.0,0.878634526612,0.90,10.81,0.21,12,0.0962294255412,62.0,94.58,98.09186,0.07128,100.0,277.54,5,2,932194883633.718,7140734.91791239
140,0,Costa Rica,CR,Costa Rica,CR,Costa Rica,CR,CRI,81.03,87.75,84.82,70.54,97.65,93.75,84.18,75.41,97.1,85.04,82.51,74.61,83.06,77.2,69.86,52.02,5.0,35.0,25.1495833691,9.7,22.2544866007,97.49,91.8858679,94.5223953,0.517473390064,99.5,5.64,2.595401565,10.0,2.0,3.0,2.0,13.9,97.65,97.62,123.08573,1.04025,150.6620506,59.76295014,11.1,24.16475,200.5,7.55839792,23.963279091,3.8912,90.52,198.92,38.0,16,0.85,50.00,0.85939397456,4.0,0.13,89.9,58.0,0.668928185427,0.491953041356,4.4,4.0,0.89737678191,0.77,10.92,0.16,3,0.219104759894,35.0,97.65,100.0,0.04025,100.0,198.92,2,4,42269342766.6025,1461513.57341861
125,0,Dominican Republic,DO,Dominican Republic,DO,Dominican Republic,DO,DOM,68.42,73.49,77.23,54.54,90.54,78.79,68.87,55.75,85.07,71.03,75.39,77.43,62.2,63.27,62.49,30.2,12.3,86.0,92.0765962439,30.9,65.896147498,72.13,81.8974634,83.9861493,0.520971088544,98.0,2.38,10.224895232,17.4,3.0,4.0,3.0,29.3,92.47,88.75,77.82072,1.10234,82.5867021,54.21576634,27.9,22.03144,326.4,6.749326712,43.310472392,40.421,93.54,265.76,27.0,14,0.65,25.00,0.864665938378,4.0,0.27,83.6,31.0,0.656736869113,0.347278098653,6.0,4.0,0.889041843972,0.36,11.12,0.23,0,0.0,86.0,92.47,77.82072,0.10234,82.5867021,265.76,0,0,41152355228.7393,1299150.46359598
44,0,Ecuador,EC,Ecuador,EC,Ecuador,EC,ECU,69.97,79.15,77.99,52.77,92.59,79.6,79.22,65.18,97.11,66.61,77.23,71.01,49.27,63.88,60.45,37.51,10.9,70.0,63.77936351,21.6,73.0598185328,85.31,75.5155497,84.6886274,0.518588755191,97.2,4.66,4.124168481,8.2,3.0,4.0,2.0,20.1,94.52,99.05,107.22326,1.0367,79.77343461,48.94043379,33.21,22.70809,282.2,7.985285629,25.986789842,0.0,88.91,346.76,24.0,11,0.51,15.00,0.835790390338,4.0,0.22,81.9,31.0,0.712672736806,0.452290209916,7.5,4.0,0.836552809114,0.38,11.24,0.21,2,0.04528540108,70.0,94.52,100.0,0.0367,79.77343461,346.76,2,1,209195222912.815,3538652.82032564
143,0,El Salvador,SV,El Salvador,SV,El Salvador,SV,SLV,66.43,71.92,76.36,51.0,92.29,79.68,78.37,37.36,92.51,70.16,75.43,67.35,64.26,65.06,51.77,22.91,12.4,85.0,54.0802608373,16.8,66.4758366842,78.11,86.5360664,74.9922425,0.525744601252,93.7,4.88,15.209754929,64.2,5.0,5.0,2.0,21.1,87.65,98.34,81.11615,1.00503,145.255666,26.91507533,27.2,21.8929,260.4,9.770961333,43.816526886,1.0375,76.43,249.88,34.0,12,0.62,35.00,0.779636095376,4.0,0.17,80.2,36.0,0.43002698522,0.30023644026,6.2,4.0,0.783241522536,0.21,9.21,0.30,0,0.0,85.0,87.65,81.11615,0.00503,100.0,249.88,0,0,17185443868.9414,705809.923262111
94,0,Guatemala,GT,Guatemala,GT,Guatemala,GT,GTM,62.62,71.7,72.12,44.05,88.53,77.98,75.12,45.17,80.61,66.08,74.01,67.79,54.54,59.56,47.72,14.39,15.6,101.0,87.8702237778,29.1,129.398354147,84.63,86.8187041,63.85466,0.532292767152,78.5,5.67,47.149552847,31.2,5.0,5.0,2.5,19.0,79.07,89.13,63.53116,0.93883,111.4812993,27.1,38.03,21.12725,297.7,7.861045742,52.243837854,6.8,78.02,220.41,23.0,11,0.65,20.00,0.820561750863,4.0,0.2,66.2,28.0,0.445532756689,0.279988451446,8.2,4.0,0.808780709826,0.00,6.65,0.36,0,0.0,101.0,79.07,63.53116,0.06117,100.0,220.41,0,0,91666410713.2979,1663128.22407161
126,0,Haiti,HT,Haiti,HT,Haiti,HT,HTI,,43.82,,33.78,54.7,27.61,30.54,62.44,,56.21,55.93,47.33,42.18,38.35,40.11,14.47,53.4,546.0,359.318641818,69.0,216.138201813,9.80,47.6118794,27.6049817,0.167443575495,37.9,1.59,144.906062633,10.0,3.0,4.0,2.5,,60.69, ,,,68.84369285,12.19776638,24.66,17.63524,678.9,8.695089491,81.312848488,0.0,24.41,474.87,15.0,10, ,10.00,0.297172972574,4.0,0.19,48.7,20.0,0.416139974,0.14017956738,6.7,4.0,0.581591665287,0.04,6.9,0.38,0,0.0,546.0,60.69,,,68.84369285,474.87,0,0,23122239510.5898,1350637.39268728
146,0,Honduras,HN,Honduras,HN,Honduras,HN,HND,61.76,68.56,69.28,47.44,91.05,84.16,66.91,32.14,82.56,60.21,74.09,60.27,50.0,59.96,57.21,22.59,12.2,85.0,129.31247376,20.4,69.131725923,90.29,83.7601763,82.6466595,0.55779109456,82.2,3.69,56.119193323,74.6,5.0,5.0,3.0,17.4,88.42,95.35,70.77559,1.18881,95.54210945,20.35686743,44.62,22.27785,388.3,6.565496733,72.010583244,1.78,86.89,564.07,19.0,9,0.60,30.00,0.83579090602,3.0,0.25,76.4,30.0,0.552804399089,0.428447160904,6.1,4.0,0.771958256148,0.15,8.58,0.26,0,0.0,85.0,88.42,70.77559,0.18881,95.54210945,564.07,0,0,94067452215.6895,2061762.58895543
128,0,Jamaica,JM,Jamaica,JM,Jamaica,JM,JAM,72.42,75.3,78.6,63.37,94.34,81.44,76.05,49.37,88.05,79.85,75.79,70.7,73.95,73.25,64.94,41.32,8.1,58.0,88.5669001613,15.7,47.8886935635,71.52,89.4250228,81.7844748,0.435318147731,92.63344,4.71,10.683990695,36.1,5.0,4.0,3.0,11.5,88.50, ,82.10732,1.07427,111.514583,42.22122119,12.45,22.39548,398.0,3.364311124,32.419638592,5.5,90.47,382.78,34.0,15,0.75,40.00,0.806271593168,4.0,0.01,82.9,39.0,0.718688099301,0.143586404475,3.6,4.0,0.859804667305,0.56,12.81,0.06,0,0.0,58.0,88.50,82.10732,0.07427,100.0,382.78,0,0,9362654714.54297,515753.902168011
99,0,Mexico,MX,Mexico,MX,Mexico,MX,MEX,71.93,79.22,77.66,58.91,97.17,89.44,79.38,50.9,93.58,64.93,77.59,74.53,65.87,60.31,52.92,56.54,5.0,29.0,37.8480704872,13.2,39.482429202,92.33,92.1359485,85.1572109,0.483203448333,99.1,4.89,10.129486327,15.7,5.0,4.0,4.0,12.3,94.55,97.71,90.54969,1.06543,85.98995188,57.43104299,49.33,22.38068,284.4,6.167095125,32.180472044,39.7229963333,78.66,367.10,28.0,13,0.62,50.00,0.730231543823,2.0,0.17,83.2,30.0,0.50858280774,0.508065422934,6.7,2.0,0.88286290052,0.70,10.77,0.20,17,0.229302235398,29.0,94.55,90.54969,0.06543,85.98995188,367.10,6,4,1709512975244.37,14432338.9535378
148,0,Nicaragua,NI,Nicaragua,NI,Nicaragua,NI,NIC,64.17,72.57,74.53,45.4,88.49,66.17,66.76,68.87,85.39,67.62,77.15,67.97,40.73,55.72,58.63,26.53,16.6,122.0,149.772233558,22.1,39.007517716,66.32,69.4027903,67.9008585,0.41756057598,77.9,3.95,31.872277032,11.5,3.0,3.0,2.5,15.3,82.47,98.41,74.18835,1.12814,116.1054805,19.7042915,28.82,21.87252,240.9,7.640744298,33.385097049,0.0,93.72,530.89,14.0,11,0.44,10.00,0.700354230824,3.0,0.3,87.3,26.0,0.57719612745,0.411516916088,6.7,4.0,0.848122265356,0.50,9.04,0.29,0,0.0,122.0,82.47,74.18835,0.12814,100.0,530.89,0,0,106764048953.712,1809404.25234129
149,0,Panama,PA,Panama,PA,Panama,PA,PAN,74.61,83.02,80.87,59.95,93.34,84.46,79.57,74.7,90.52,75.34,82.46,75.17,70.71,65.03,62.96,41.09,9.5,66.0,94.4862369069,17.0,58.8053355385,92.13,88.6225302,74.9922891,0.524020349547,90.87544,5.18,9.4144576,17.4,3.0,3.0,1.0,10.0,95.04,97.10,75.49851,1.06322,174.1943185,51.20542499,30.59,24.13157,227.0,6.115076394,23.594040249,13.32,87.93,238.52,35.0,15,0.70,30.00,0.876576173183,4.0,0.22,73.9,38.0,0.571404359239,0.409949437455,5.3,4.0,0.878862529566,0.89,12.46,0.17,0,0.0,66.0,95.04,75.49851,0.06322,100.0,238.52,0,0,61170222234.3223,2521592.35047113
45,0,Paraguay,PY,Paraguay,PY,Paraguay,PY,PRY,68.73,78.0,73.46,54.73,92.1,89.32,64.82,65.77,87.8,73.45,72.13,60.48,60.18,64.99,62.89,30.88,10.4,71.0,131.724973219,20.5,60.62671182,82.94,94.9488216,88.5978869,0.350212171272,98.2,2.86,38.061002851,8.8,4.0,3.0,2.0,20.7,95.54,90.66,76.57348,1.06561,105.3895511,48.43868795,33.63,21.1854,390.0,6.470899098,37.547069951,0.735,78.94,790.19,27.0,12, ,30.00,0.770771237681,4.0,0.13,81.6,30.0,0.737910947582,0.357363054665,6.0,3.0,0.93910745392,0.33,10.21,0.16,0,0.0,71.0,95.54,76.57348,0.06561,100.0,790.19,0,0,346532502801.582,3071453.90424479
47,0,Peru,PE,Peru,PE,Peru,PE,PER,72.15,76.59,81.55,58.31,94.27,72.01,76.0,64.06,97.1,72.82,80.78,75.5,73.86,60.96,54.05,44.38,7.5,50.0,68.3639525082,16.9,101.924077626,78.25,69.2493232,76.1934462,0.496284184149,91.2,4.94,29.525076388,6.7,3.0,4.0,3.0,13.9,94.37,98.07,95.74452,1.00057,109.8669058,40.9,29.99,21.61341,183.1,3.37204583,37.495527067,34.6464,84.59,269.64,31.0,15,0.79,40.00,0.808159154551,3.0,0.16,64.4,35.0,0.612189737132,0.338970291426,7.6,4.0,0.79523484945,0.74,11.57,0.23,3,0.0635292277207,50.0,94.37,95.74452,0.00057,100.0,269.64,2,2,1068660948091.2,6920101.35018899
159,0,Puerto Rico,PR,United States,US,Puerto Rico,PR,PRI,,,,,,,79.703994751,,85.5731048584,,,,,,,,,,14.4669305881,,46.7029093445, ,,99.2803374,0.505475443444,90.87544,5.11,0.009060088502,18.5,,,,,93.33,84.88,81.28882,1.06457,87.09082846,79.46876883,,,,7.039555931,27.976016281,,, ,,16, , ,0.816729927902,,0.19,80.3,63.0,0.820166255651,0.729157300026,,,0.912599045314, ,, ,1,0.231987660054,,93.33,81.28882,0.06457,87.09082846, ,1,4,7761479669.36719,462355.691611737
9,0,Suriname,SR,Suriname,SR,Suriname,SR,SUR,,,72.09,57.26,92.68,78.59,72.38,,83.22,78.38,57.89,68.87,70.19,68.87,58.71,31.28,8.0,56.0,155.155383811,21.3,82.56147994,65.80,88.4157735,79.2192993,0.44398530538,100.0,3.45,11.122164142,9.5,,,,19.1,95.54,94.79,81.14268,1.26783,136.8310311,42.76382778,16.7,19.34782,420.6,24.540428421,40.925602661,,81.12,440.90,34.0,15,0.70,30.00,0.86731519417,4.0,,72.0,45.0,0.669221228005,0.36142759832,5.8,4.0,0.747685450846, ,10.14,0.19,0,0.0,56.0,95.54,81.14268,0.26783,100.0,440.90,0,0,118955307183.037,1719699.77653724
12,0,Trinidad and Tobago,TT,Trinidad and Tobago,TT,Trinidad and Tobago,TT,TTO,,79.72,,61.92,94.5,90.52,78.94,54.93,,82.92,59.17,59.42,75.4,67.61,65.13,39.55,7.4,55.0,62.7198330334,20.4,51.109454307,83.52,95.1427003,91.5159089,0.342986466952,99.8278,5.17,0.8589485333,25.9,5.0,4.0,2.0,14.1,98.97,98.73,,,157.6727356,69.19847061,23.29,18.28497,512.9,13.859281898,37.669070298,5.0,88.51,1030.21,33.0,15,0.74,50.00,0.829435087334,4.0,0.03,64.4,35.0,0.678697775983,0.269559670378,4.4,4.0,0.879595180344,0.39,13.28,0.07,0,0.0,55.0,98.97,,,100.0,1030.21,0,0,4150558956.5708,434869.591957872
48,0,Uruguay,UY,Uruguay,UY,Uruguay,UY,URY,80.09,87.22,76.51,76.54,97.86,95.8,81.21,74.02,92.49,84.52,67.92,61.09,89.54,81.29,80.18,55.17,5.0,24.0,14.8092554026,10.1,42.9794752445,99.35,93.8623378,96.4357695,0.298329508029,99.5,5.90,0.7388605809,7.8,2.0,4.0,1.0,16.6,98.44,94.61,95.07186,1.10699,160.2096445,64.6,15.88,22.0495,375.1,17.633236712,26.60639002,2.15,54.32,558.30,40.0,16,0.88,70.00,0.875992718615,4.0,0.11,87.1,71.0,0.726247307835,0.735463239869,2.7,4.0,0.895100892013,0.28,12.08,0.09,2,0.726678761431,24.0,98.44,95.07186,0.10699,100.0,558.30,2,6,164161614750.2,1830755.31539807
15,0,Venezuela,VE,Venezuela,VE,Venezuela,VE,VEN,,,,,,,,,,,,,30.497177124,,,,,,,,, ,,,0.170687623475,,1.80,,,5.0,5.0,3.5,, , ,,,,,44.77,,,,,,95.73, ,11.0,8,0.35,5.00,0.439383356641,,,77.8,17.0,0.63278039914,0.46621813997,7.4,,0.897786761213, ,, ,5,0.0617336170145,, ,,,, ,3,2,750344371962.13,7668376.3058949
